Time_s,RMS,EMG_State,Pressure,Grip_State,Cube_X,Cube_Y,Cube_Z
0.01,0.093,LOW,0.0,OPEN,-100.0,70.0,0.0
0.01,0.093,LOW,0.0,OPEN,-100.0,70.0,0.0
0.02,0.071,LOW,0.0,OPEN,-100.0,70.0,-0.0
0.02,0.071,LOW,0.0,OPEN,-100.0,70.0,-0.0
0.03,0.0607,LOW,0.0,OPEN,-100.0,70.0,-0.0
0.03,0.0607,LOW,0.0,OPEN,-100.0,70.0,-0.0
0.04,0.069,LOW,0.0,OPEN,-100.0,70.0,-0.0
0.04,0.069,LOW,0.0,OPEN,-100.0,70.0,-0.0
0.05,0.0625,LOW,0.0,OPEN,-100.0,70.0,-0.0
0.05,0.0625,LOW,0.0,OPEN,-100.0,70.0,-0.0
0.06,0.0628,LOW,0.0,OPEN,-100.0,70.0,-0.0
0.06,0.0628,LOW,0.0,OPEN,-100.0,70.0,-0.0
0.07,0.0658,LOW,0.0,OPEN,-100.0,70.0,-0.0
0.07,0.0658,LOW,0.0,OPEN,-100.0,70.0,-0.0
0.08,0.0641,LOW,0.0,OPEN,-100.0,70.0,-0.0
0.08,0.0641,LOW,0.0,OPEN,-100.0,70.0,-0.0
0.09,0.0695,LOW,0.0,OPEN,-100.0,70.0,-0.0
0.09,0.0695,LOW,0.0,OPEN,-100.0,70.0,-0.0
0.1,0.066,LOW,0.0,OPEN,-100.0,70.0,-0.0
0.1,0.066,LOW,0.0,OPEN,-100.0,70.0,-0.0
0.11,0.0642,LOW,0.0,OPEN,-100.0,70.0,-0.0
0.11,0.0642,LOW,0.0,OPEN,-100.0,70.0,-0.0
0.12,0.0635,LOW,0.0,OPEN,-100.0,70.0,-0.0
0.12,0.0635,LOW,0.0,OPEN,-100.0,70.0,-0.0
0.13,0.0642,LOW,0.0,OPEN,-100.0,70.0,-0.0
0.13,0.0642,LOW,0.0,OPEN,-100.0,70.0,-0.0
0.14,0.0617,LOW,0.0,OPEN,-100.0,70.0,-0.0
0.14,0.0617,LOW,0.0,OPEN,-100.0,70.0,-0.0
0.15,0.0615,LOW,0.0,OPEN,-100.0,70.0,-0.0
0.15,0.0615,LOW,0.0,OPEN,-100.0,70.0,-0.0
0.16,0.0668,LOW,0.0,OPEN,-100.0,70.0,-0.0
0.16,0.0668,LOW,0.0,OPEN,-100.0,70.0,-0.0
0.17,0.0624,LOW,0.0,OPEN,-100.0,70.0,-0.0
0.17,0.0624,LOW,0.0,OPEN,-100.0,70.0,-0.0
0.18,0.0615,LOW,0.0,OPEN,-100.0,70.0,-0.0
0.18,0.0615,LOW,0.0,OPEN,-100.0,70.0,-0.0
0.19,0.0577,LOW,0.0,OPEN,-100.0,70.0,-0.0
0.19,0.0577,LOW,0.0,OPEN,-100.0,70.0,-0.0
0.2,0.0584,LOW,0.0,OPEN,-100.0,70.0,-0.0
0.2,0.0584,LOW,0.0,OPEN,-100.0,70.0,-0.0
0.21,0.0612,LOW,0.0,OPEN,-100.0,70.0,-0.0
0.21,0.0612,LOW,0.0,OPEN,-100.0,70.0,-0.0
0.22,0.064,LOW,0.0,OPEN,-100.0,70.0,-0.0
0.22,0.064,LOW,0.0,OPEN,-100.0,70.0,-0.0
0.23,0.0659,LOW,0.0,OPEN,-100.0,70.0,-0.0
0.23,0.0659,LOW,0.0,OPEN,-100.0,70.0,-0.0
0.24,0.0661,LOW,0.0,OPEN,-100.0,70.0,-0.0
0.24,0.0661,LOW,0.0,OPEN,-100.0,70.0,-0.0
0.25,0.0661,LOW,0.0,OPEN,-100.0,70.0,-0.0
0.25,0.0661,LOW,0.0,OPEN,-100.0,70.0,-0.0
0.26,0.0619,LOW,0.0,OPEN,-100.0,70.0,-0.0
0.26,0.0619,LOW,0.0,OPEN,-100.0,70.0,-0.0
0.27,0.0639,LOW,0.0,OPEN,-100.0,70.0,-0.0
0.27,0.0639,LOW,0.0,OPEN,-100.0,70.0,-0.0
0.28,0.0643,LOW,0.0,OPEN,-100.0,70.0,-0.0
0.28,0.0643,LOW,0.0,OPEN,-100.0,70.0,-0.0
0.29,0.0623,LOW,0.0,OPEN,-100.0,70.0,-0.0
0.29,0.0623,LOW,0.0,OPEN,-100.0,70.0,-0.0
0.3,0.0618,LOW,0.0,OPEN,-100.0,70.0,-0.0
0.3,0.0618,LOW,0.0,OPEN,-100.0,70.0,-0.0
0.31,0.0623,LOW,0.0,OPEN,-100.0,70.0,-0.0
0.31,0.0623,LOW,0.0,OPEN,-100.0,70.0,-0.0
0.32,0.0627,LOW,0.0,OPEN,-100.0,70.0,-0.0
0.32,0.0627,LOW,0.0,OPEN,-100.0,70.0,-0.0
0.33,0.0649,LOW,0.0,OPEN,-100.0,70.0,-0.0
0.33,0.0649,LOW,0.0,OPEN,-100.0,70.0,-0.0
0.34,0.0631,LOW,0.0,OPEN,-100.0,70.0,-0.0
0.34,0.0631,LOW,0.0,OPEN,-100.0,70.0,-0.0
0.35,0.0632,LOW,0.0,OPEN,-100.0,70.0,-0.0
0.35,0.0632,LOW,0.0,OPEN,-100.0,70.0,-0.0
0.36,0.0635,LOW,0.0,OPEN,-100.0,70.0,-0.0
0.36,0.0635,LOW,0.0,OPEN,-100.0,70.0,-0.0
0.37,0.0675,LOW,0.0,OPEN,-100.0,70.0,-0.0
0.37,0.0675,LOW,0.0,OPEN,-100.0,70.0,-0.0
0.38,0.0678,LOW,0.0,OPEN,-100.0,70.0,-0.0
0.38,0.0678,LOW,0.0,OPEN,-100.0,70.0,-0.0
0.39,0.0686,LOW,0.0,OPEN,-100.0,70.0,-0.0
0.39,0.0686,LOW,0.0,OPEN,-100.0,70.0,-0.0
0.4,0.0685,LOW,0.0,OPEN,-100.0,70.0,-0.0
0.4,0.0685,LOW,0.0,OPEN,-100.0,70.0,-0.0
0.41,0.0676,LOW,0.0,OPEN,-100.0,70.0,-0.0
0.41,0.0676,LOW,0.0,OPEN,-100.0,70.0,-0.0
0.42,0.0646,LOW,0.0,OPEN,-100.0,70.0,-0.0
0.42,0.0646,LOW,0.0,OPEN,-100.0,70.0,-0.0
0.43,0.0595,LOW,0.0,OPEN,-100.0,70.0,-0.0
0.43,0.0595,LOW,0.0,OPEN,-100.0,70.0,-0.0
0.44,0.0619,LOW,0.0,OPEN,-100.0,70.0,-0.0
0.44,0.0619,LOW,0.0,OPEN,-100.0,70.0,-0.0
0.45,0.0617,LOW,0.0,OPEN,-100.0,70.0,-0.0
0.45,0.0617,LOW,0.0,OPEN,-100.0,70.0,-0.0
0.46,0.0632,LOW,0.0,OPEN,-100.0,70.0,-0.0
0.46,0.0632,LOW,0.0,OPEN,-100.0,70.0,-0.0
0.47,0.0593,LOW,0.0,OPEN,-100.0,70.0,-0.0
0.47,0.0593,LOW,0.0,OPEN,-100.0,70.0,-0.0
0.48,0.0618,LOW,0.0,OPEN,-100.0,70.0,-0.0
0.48,0.0618,LOW,0.0,OPEN,-100.0,70.0,-0.0
0.49,0.0628,LOW,0.0,OPEN,-100.0,70.0,-0.0
0.49,0.0628,LOW,0.0,OPEN,-100.0,70.0,-0.0
0.5,0.0627,LOW,0.0,OPEN,-100.0,70.0,-0.0
0.5,0.0627,LOW,0.0,OPEN,-100.0,70.0,-0.0
0.51,0.0606,LOW,0.0,OPEN,-100.0,70.0,-0.0
0.51,0.0606,LOW,0.0,OPEN,-100.0,70.0,-0.0
0.52,0.0607,LOW,0.0,OPEN,-100.0,70.0,-0.0
0.52,0.0607,LOW,0.0,OPEN,-100.0,70.0,-0.0
0.53,0.0603,LOW,0.0,OPEN,-100.0,70.0,-0.0
0.53,0.0603,LOW,0.0,OPEN,-100.0,70.0,-0.0
0.54,0.0583,LOW,0.0,OPEN,-100.0,70.0,-0.0
0.54,0.0583,LOW,0.0,OPEN,-100.0,70.0,-0.0
0.55,0.0581,LOW,0.0,OPEN,-100.0,70.0,-0.0
0.55,0.0581,LOW,0.0,OPEN,-100.0,70.0,-0.0
0.56,0.0552,LOW,0.0,OPEN,-100.0,70.0,-0.0
0.56,0.0552,LOW,0.0,OPEN,-100.0,70.0,-0.0
0.57,0.0531,LOW,0.0,OPEN,-100.0,70.0,-0.0
0.57,0.0531,LOW,0.0,OPEN,-100.0,70.0,-0.0
0.58,0.048,LOW,0.0,OPEN,-100.0,70.0,-0.0
0.58,0.048,LOW,0.0,OPEN,-100.0,70.0,-0.0
0.59,0.045,LOW,0.0,OPEN,-100.0,70.0,-0.0
0.59,0.045,LOW,0.0,OPEN,-100.0,70.0,-0.0
0.6,0.0449,LOW,0.0,OPEN,-100.0,70.0,-0.0
0.6,0.0449,LOW,0.0,OPEN,-100.0,70.0,-0.0
0.61,0.0431,LOW,0.0,OPEN,-100.0,70.0,-0.0
0.61,0.0431,LOW,0.0,OPEN,-100.0,70.0,-0.0
0.62,0.0484,LOW,0.0,OPEN,-100.0,70.0,-0.0
0.62,0.0484,LOW,0.0,OPEN,-100.0,70.0,-0.0
0.63,0.0499,LOW,0.0,OPEN,-100.0,70.0,-0.0
0.63,0.0499,LOW,0.0,OPEN,-100.0,70.0,-0.0
0.64,0.0506,LOW,0.0,OPEN,-100.0,70.0,-0.0
0.64,0.0506,LOW,0.0,OPEN,-100.0,70.0,-0.0
0.65,0.0514,LOW,0.0,OPEN,-100.0,70.0,-0.0
0.65,0.0514,LOW,0.0,OPEN,-100.0,70.0,-0.0
0.66,0.0549,LOW,0.0,OPEN,-100.0,70.0,-0.0
0.66,0.0549,LOW,0.0,OPEN,-100.0,70.0,-0.0
0.67,0.0565,LOW,0.0,OPEN,-100.0,70.0,-0.0
0.67,0.0565,LOW,0.0,OPEN,-100.0,70.0,-0.0
0.68,0.0601,LOW,0.0,OPEN,-100.0,70.0,-0.0
0.68,0.0601,LOW,0.0,OPEN,-100.0,70.0,-0.0
0.69,0.0628,LOW,0.0,OPEN,-100.0,70.0,-0.0
0.69,0.0628,LOW,0.0,OPEN,-100.0,70.0,-0.0
0.7,0.063,LOW,0.0,OPEN,-100.0,70.0,-0.0
0.7,0.063,LOW,0.0,OPEN,-100.0,70.0,-0.0
0.71,0.06,LOW,0.0,OPEN,-100.0,70.0,-0.0
0.71,0.06,LOW,0.0,OPEN,-100.0,70.0,-0.0
0.72,0.0553,LOW,0.0,OPEN,-100.0,70.0,-0.0
0.72,0.0553,LOW,0.0,OPEN,-100.0,70.0,-0.0
0.73,0.0554,LOW,0.0,OPEN,-100.0,70.0,-0.0
0.73,0.0554,LOW,0.0,OPEN,-100.0,70.0,-0.0
0.74,0.0578,LOW,0.0,OPEN,-100.0,70.0,-0.0
0.74,0.0578,LOW,0.0,OPEN,-100.0,70.0,-0.0
0.75,0.0571,LOW,0.0,OPEN,-100.0,70.0,-0.0
0.75,0.0571,LOW,0.0,OPEN,-100.0,70.0,-0.0
0.76,0.053,LOW,0.0,OPEN,-100.0,70.0,-0.0
0.76,0.053,LOW,0.0,OPEN,-100.0,70.0,-0.0
0.77,0.0532,LOW,0.0,OPEN,-100.0,70.0,-0.0
0.77,0.0532,LOW,0.0,OPEN,-100.0,70.0,-0.0
0.78,0.0505,LOW,0.0,OPEN,-100.0,70.0,-0.0
0.78,0.0505,LOW,0.0,OPEN,-100.0,70.0,-0.0
0.79,0.0513,LOW,0.0,OPEN,-100.0,70.0,-0.0
0.79,0.0513,LOW,0.0,OPEN,-100.0,70.0,-0.0
0.8,0.051,LOW,0.0,OPEN,-100.0,70.0,-0.0
0.8,0.051,LOW,0.0,OPEN,-100.0,70.0,-0.0
0.81,0.0567,LOW,0.0,OPEN,-100.0,70.0,-0.0
0.81,0.0567,LOW,0.0,OPEN,-100.0,70.0,-0.0
0.82,0.0589,LOW,0.0,OPEN,-100.0,70.0,-0.0
0.82,0.0589,LOW,0.0,OPEN,-100.0,70.0,-0.0
0.83,0.063,LOW,0.0,OPEN,-100.0,70.0,-0.0
0.83,0.063,LOW,0.0,OPEN,-100.0,70.0,-0.0
0.84,0.0661,LOW,0.0,OPEN,-100.0,70.0,-0.0
0.84,0.0661,LOW,0.0,OPEN,-100.0,70.0,-0.0
0.85,0.066,LOW,0.0,OPEN,-100.0,70.0,-0.0
0.85,0.066,LOW,0.0,OPEN,-100.0,70.0,-0.0
0.86,0.0677,LOW,0.0,OPEN,-100.0,70.0,-0.0
0.86,0.0677,LOW,0.0,OPEN,-100.0,70.0,-0.0
0.87,0.0653,LOW,0.0,OPEN,-100.0,70.0,-0.0
0.87,0.0653,LOW,0.0,OPEN,-100.0,70.0,-0.0
0.88,0.0647,LOW,0.0,OPEN,-100.0,70.0,-0.0
0.88,0.0647,LOW,0.0,OPEN,-100.0,70.0,-0.0
0.89,0.0644,LOW,0.0,OPEN,-100.0,70.0,-0.0
0.89,0.0644,LOW,0.0,OPEN,-100.0,70.0,-0.0
0.9,0.0644,LOW,0.0,OPEN,-100.0,70.0,-0.0
0.9,0.0644,LOW,0.0,OPEN,-100.0,70.0,-0.0
0.91,0.0617,LOW,0.0,OPEN,-100.0,70.0,-0.0
0.91,0.0617,LOW,0.0,OPEN,-100.0,70.0,-0.0
0.92,0.0632,LOW,0.0,OPEN,-100.0,70.0,-0.0
0.92,0.0632,LOW,0.0,OPEN,-100.0,70.0,-0.0
0.93,0.0575,LOW,0.0,OPEN,-100.0,70.0,-0.0
0.93,0.0575,LOW,0.0,OPEN,-100.0,70.0,-0.0
0.94,0.0527,LOW,0.0,OPEN,-100.0,70.0,-0.0
0.94,0.0527,LOW,0.0,OPEN,-100.0,70.0,-0.0
0.95,0.0532,LOW,0.0,OPEN,-100.0,70.0,-0.0
0.95,0.0532,LOW,0.0,OPEN,-100.0,70.0,-0.0
0.96,0.0547,LOW,0.0,OPEN,-100.0,70.0,-0.0
0.96,0.0547,LOW,0.0,OPEN,-100.0,70.0,-0.0
0.97,0.0563,LOW,0.0,OPEN,-100.0,70.0,-0.0
0.97,0.0563,LOW,0.0,OPEN,-100.0,70.0,-0.0
0.98,0.0558,LOW,0.0,OPEN,-100.0,70.0,-0.0
0.98,0.0558,LOW,0.0,OPEN,-100.0,70.0,-0.0
0.99,0.0572,LOW,0.0,OPEN,-100.0,70.0,-0.0
0.99,0.0572,LOW,0.0,OPEN,-100.0,70.0,-0.0
1.0,0.0577,LOW,0.0,OPEN,-100.0,70.0,-0.0
1.0,0.0577,LOW,0.0,OPEN,-100.0,70.0,-0.0
1.01,0.0596,LOW,0.0,OPEN,-100.0,70.0,-0.0
1.01,0.0596,LOW,0.0,OPEN,-100.0,70.0,-0.0
1.02,0.062,LOW,0.0,OPEN,-100.0,70.0,-0.0
1.02,0.062,LOW,0.0,OPEN,-100.0,70.0,-0.0
1.03,0.0673,LOW,0.0,OPEN,-100.0,70.0,-0.0
1.03,0.0673,LOW,0.0,OPEN,-100.0,70.0,-0.0
1.04,0.0671,LOW,0.0,OPEN,-100.0,70.0,-0.0
1.04,0.0671,LOW,0.0,OPEN,-100.0,70.0,-0.0
1.05,0.068,LOW,0.0,OPEN,-100.0,70.0,-0.0
1.05,0.068,LOW,0.0,OPEN,-100.0,70.0,-0.0
1.06,0.0664,LOW,0.0,OPEN,-100.0,70.0,-0.0
1.06,0.0664,LOW,0.0,OPEN,-100.0,70.0,-0.0
1.07,0.067,LOW,0.0,OPEN,-100.0,70.0,-0.0
1.07,0.067,LOW,0.0,OPEN,-100.0,70.0,-0.0
1.08,0.0674,LOW,0.0,OPEN,-100.0,70.0,-0.0
1.08,0.0674,LOW,0.0,OPEN,-100.0,70.0,-0.0
1.09,0.0684,LOW,0.0,OPEN,-100.0,70.0,-0.0
1.09,0.0684,LOW,0.0,OPEN,-100.0,70.0,-0.0
1.1,0.068,LOW,0.0,OPEN,-100.0,70.0,-0.0
1.1,0.068,LOW,0.0,OPEN,-100.0,70.0,-0.0
1.11,0.0705,LOW,0.0,OPEN,-100.0,70.0,-0.0
1.11,0.0705,LOW,0.0,OPEN,-100.0,70.0,-0.0
1.12,0.0682,LOW,0.0,OPEN,-100.0,70.0,-0.0
1.12,0.0682,LOW,0.0,OPEN,-100.0,70.0,-0.0
1.13,0.0651,LOW,0.0,OPEN,-100.0,70.0,-0.0
1.13,0.0651,LOW,0.0,OPEN,-100.0,70.0,-0.0
1.14,0.0665,LOW,0.0,OPEN,-100.0,70.0,-0.0
1.14,0.0665,LOW,0.0,OPEN,-100.0,70.0,-0.0
1.15,0.0653,LOW,0.0,OPEN,-100.0,70.0,-0.0
1.15,0.0653,LOW,0.0,OPEN,-100.0,70.0,-0.0
1.16,0.0638,LOW,0.0,OPEN,-100.0,70.0,-0.0
1.16,0.0638,LOW,0.0,OPEN,-100.0,70.0,-0.0
1.17,0.0652,LOW,0.0,OPEN,-100.0,70.0,-0.0
1.17,0.0652,LOW,0.0,OPEN,-100.0,70.0,-0.0
1.18,0.0685,LOW,0.0,OPEN,-100.0,70.0,-0.0
1.18,0.0685,LOW,0.0,OPEN,-100.0,70.0,-0.0
1.19,0.0653,LOW,0.0,OPEN,-100.0,70.0,-0.0
1.19,0.0653,LOW,0.0,OPEN,-100.0,70.0,-0.0
1.2,0.0658,LOW,0.0,OPEN,-100.0,70.0,-0.0
1.2,0.0658,LOW,0.0,OPEN,-100.0,70.0,-0.0
1.21,0.0611,LOW,0.0,OPEN,-100.0,70.0,-0.0
1.21,0.0611,LOW,0.0,OPEN,-100.0,70.0,-0.0
1.22,0.0603,LOW,0.0,OPEN,-100.0,70.0,-0.0
1.22,0.0603,LOW,0.0,OPEN,-100.0,70.0,-0.0
1.23,0.0594,LOW,0.0,OPEN,-100.0,70.0,-0.0
1.23,0.0594,LOW,0.0,OPEN,-100.0,70.0,-0.0
1.24,0.0601,LOW,0.0,OPEN,-100.0,70.0,-0.0
1.24,0.0601,LOW,0.0,OPEN,-100.0,70.0,-0.0
1.25,0.0616,LOW,0.0,OPEN,-100.0,70.0,-0.0
1.25,0.0616,LOW,0.0,OPEN,-100.0,70.0,-0.0
1.26,0.0693,LOW,0.0,OPEN,-100.0,70.0,-0.0
1.26,0.0693,LOW,0.0,OPEN,-100.0,70.0,-0.0
1.27,0.0672,LOW,0.0,OPEN,-100.0,70.0,-0.0
1.27,0.0672,LOW,0.0,OPEN,-100.0,70.0,-0.0
1.28,0.0635,LOW,0.0,OPEN,-100.0,70.0,-0.0
1.28,0.0635,LOW,0.0,OPEN,-100.0,70.0,-0.0
1.29,0.0667,LOW,0.0,OPEN,-100.0,70.0,-0.0
1.29,0.0667,LOW,0.0,OPEN,-100.0,70.0,-0.0
1.3,0.0661,LOW,0.0,OPEN,-100.0,70.0,-0.0
1.3,0.0661,LOW,0.0,OPEN,-100.0,70.0,-0.0
1.31,0.0725,LOW,0.0,OPEN,-100.0,70.0,-0.0
1.31,0.0725,LOW,0.0,OPEN,-100.0,70.0,-0.0
1.32,0.0721,LOW,0.0,OPEN,-100.0,70.0,-0.0
1.32,0.0721,LOW,0.0,OPEN,-100.0,70.0,-0.0
1.33,0.0726,LOW,0.0,OPEN,-100.0,70.0,-0.0
1.33,0.0726,LOW,0.0,OPEN,-100.0,70.0,-0.0
1.34,0.0701,LOW,0.0,OPEN,-100.0,70.0,-0.0
1.34,0.0701,LOW,0.0,OPEN,-100.0,70.0,-0.0
1.35,0.0687,LOW,0.0,OPEN,-100.0,70.0,-0.0
1.35,0.0687,LOW,0.0,OPEN,-100.0,70.0,-0.0
1.36,0.0652,LOW,0.0,OPEN,-100.0,70.0,-0.0
1.36,0.0652,LOW,0.0,OPEN,-100.0,70.0,-0.0
1.37,0.0676,LOW,0.0,OPEN,-100.0,70.0,-0.0
1.37,0.0676,LOW,0.0,OPEN,-100.0,70.0,-0.0
1.38,0.0702,LOW,0.0,OPEN,-100.0,70.0,-0.0
1.38,0.0702,LOW,0.0,OPEN,-100.0,70.0,-0.0
1.39,0.0647,LOW,0.0,OPEN,-100.0,70.0,-0.0
1.39,0.0647,LOW,0.0,OPEN,-100.0,70.0,-0.0
1.4,0.0658,LOW,0.0,OPEN,-100.0,70.0,-0.0
1.4,0.0658,LOW,0.0,OPEN,-100.0,70.0,-0.0
1.41,0.0664,LOW,0.0,OPEN,-100.0,70.0,-0.0
1.41,0.0664,LOW,0.0,OPEN,-100.0,70.0,-0.0
1.42,0.0661,LOW,0.0,OPEN,-100.0,70.0,-0.0
1.42,0.0661,LOW,0.0,OPEN,-100.0,70.0,-0.0
1.43,0.0643,LOW,0.0,OPEN,-100.0,70.0,-0.0
1.43,0.0643,LOW,0.0,OPEN,-100.0,70.0,-0.0
1.44,0.0635,LOW,0.0,OPEN,-100.0,70.0,-0.0
1.44,0.0635,LOW,0.0,OPEN,-100.0,70.0,-0.0
1.45,0.0636,LOW,0.0,OPEN,-100.0,70.0,-0.0
1.45,0.0636,LOW,0.0,OPEN,-100.0,70.0,-0.0
1.46,0.0625,LOW,0.0,OPEN,-100.0,70.0,-0.0
1.46,0.0625,LOW,0.0,OPEN,-100.0,70.0,-0.0
1.47,0.0597,LOW,0.0,OPEN,-100.0,70.0,-0.0
1.47,0.0597,LOW,0.0,OPEN,-100.0,70.0,-0.0
1.48,0.0579,LOW,0.0,OPEN,-100.0,70.0,-0.0
1.48,0.0579,LOW,0.0,OPEN,-100.0,70.0,-0.0
1.49,0.064,LOW,0.0,OPEN,-100.0,70.0,-0.0
1.49,0.064,LOW,0.0,OPEN,-100.0,70.0,-0.0
1.5,0.0629,LOW,0.0,OPEN,-100.0,70.0,-0.0
1.5,0.0629,LOW,0.0,OPEN,-100.0,70.0,-0.0
1.51,0.059,LOW,0.0,OPEN,-100.0,70.0,-0.0
1.51,0.059,LOW,0.0,OPEN,-100.0,70.0,-0.0
1.52,0.0578,LOW,0.0,OPEN,-100.0,70.0,-0.0
1.52,0.0578,LOW,0.0,OPEN,-100.0,70.0,-0.0
1.53,0.0586,LOW,0.0,OPEN,-100.0,70.0,-0.0
1.53,0.0586,LOW,0.0,OPEN,-100.0,70.0,-0.0
1.54,0.065,LOW,0.0,OPEN,-100.0,70.0,-0.0
1.54,0.065,LOW,0.0,OPEN,-100.0,70.0,-0.0
1.55,0.065,LOW,0.0,OPEN,-100.0,70.0,-0.0
1.55,0.065,LOW,0.0,OPEN,-100.0,70.0,-0.0
1.56,0.071,LOW,0.0,OPEN,-100.0,70.0,-0.0
1.56,0.071,LOW,0.0,OPEN,-100.0,70.0,-0.0
1.57,0.0714,LOW,0.0,OPEN,-100.0,70.0,-0.0
1.57,0.0714,LOW,0.0,OPEN,-100.0,70.0,-0.0
1.58,0.0731,LOW,0.0,OPEN,-100.0,70.0,-0.0
1.58,0.0731,LOW,0.0,OPEN,-100.0,70.0,-0.0
1.59,0.0709,LOW,0.0,OPEN,-100.0,70.0,-0.0
1.59,0.0709,LOW,0.0,OPEN,-100.0,70.0,-0.0
1.6,0.0722,LOW,0.0,OPEN,-100.0,70.0,-0.0
1.6,0.0722,LOW,0.0,OPEN,-100.0,70.0,-0.0
1.61,0.0709,LOW,0.0,OPEN,-100.0,70.0,-0.0
1.61,0.0709,LOW,0.0,OPEN,-100.0,70.0,-0.0
1.62,0.0726,LOW,0.0,OPEN,-100.0,70.0,-0.0
1.62,0.0726,LOW,0.0,OPEN,-100.0,70.0,-0.0
1.63,0.0747,LOW,0.0,OPEN,-100.0,70.0,-0.0
1.63,0.0747,LOW,0.0,OPEN,-100.0,70.0,-0.0
1.64,0.0716,LOW,0.0,OPEN,-100.0,70.0,-0.0
1.64,0.0716,LOW,0.0,OPEN,-100.0,70.0,-0.0
1.65,0.0717,LOW,0.0,OPEN,-100.0,70.0,-0.0
1.65,0.0717,LOW,0.0,OPEN,-100.0,70.0,-0.0
1.66,0.0649,LOW,0.0,OPEN,-100.0,70.0,-0.0
1.66,0.0649,LOW,0.0,OPEN,-100.0,70.0,-0.0
1.67,0.0647,LOW,0.0,OPEN,-100.0,70.0,-0.0
1.67,0.0647,LOW,0.0,OPEN,-100.0,70.0,-0.0
1.68,0.0619,LOW,0.0,OPEN,-100.0,70.0,-0.0
1.68,0.0619,LOW,0.0,OPEN,-100.0,70.0,-0.0
1.69,0.0619,LOW,0.0,OPEN,-100.0,70.0,-0.0
1.69,0.0619,LOW,0.0,OPEN,-100.0,70.0,-0.0
1.7,0.0604,LOW,0.0,OPEN,-100.0,70.0,-0.0
1.7,0.0604,LOW,0.0,OPEN,-100.0,70.0,-0.0
1.71,0.0593,LOW,0.0,OPEN,-100.0,70.0,-0.0
1.71,0.0593,LOW,0.0,OPEN,-100.0,70.0,-0.0
1.72,0.057,LOW,0.0,OPEN,-100.0,70.0,-0.0
1.72,0.057,LOW,0.0,OPEN,-100.0,70.0,-0.0
1.73,0.0545,LOW,0.0,OPEN,-100.0,70.0,-0.0
1.73,0.0545,LOW,0.0,OPEN,-100.0,70.0,-0.0
1.74,0.0556,LOW,0.0,OPEN,-100.0,70.0,-0.0
1.74,0.0556,LOW,0.0,OPEN,-100.0,70.0,-0.0
1.75,0.0568,LOW,0.0,OPEN,-100.0,70.0,-0.0
1.75,0.0568,LOW,0.0,OPEN,-100.0,70.0,-0.0
1.76,0.0539,LOW,0.0,OPEN,-100.0,70.0,-0.0
1.76,0.0539,LOW,0.0,OPEN,-100.0,70.0,-0.0
1.77,0.0573,LOW,0.0,OPEN,-100.0,70.0,-0.0
1.77,0.0573,LOW,0.0,OPEN,-100.0,70.0,-0.0
1.78,0.0574,LOW,0.0,OPEN,-100.0,70.0,-0.0
1.78,0.0574,LOW,0.0,OPEN,-100.0,70.0,-0.0
1.79,0.0559,LOW,0.0,OPEN,-100.0,70.0,-0.001
1.79,0.0559,LOW,0.0,OPEN,-100.0,70.0,-0.001
1.8,0.0564,LOW,0.0,OPEN,-100.0,70.0,-0.001
1.8,0.0564,LOW,0.0,OPEN,-100.0,70.0,-0.001
1.81,0.0532,LOW,0.0,OPEN,-100.0,70.0,-0.001
1.81,0.0532,LOW,0.0,OPEN,-100.0,70.0,-0.001
1.82,0.0557,LOW,0.0,OPEN,-100.0,70.0,-0.001
1.82,0.0557,LOW,0.0,OPEN,-100.0,70.0,-0.001
1.83,0.0581,LOW,0.0,OPEN,-100.0,70.0,-0.001
1.83,0.0581,LOW,0.0,OPEN,-100.0,70.0,-0.001
1.84,0.0582,LOW,0.0,OPEN,-100.0,70.0,-0.001
1.84,0.0582,LOW,0.0,OPEN,-100.0,70.0,-0.001
1.85,0.0566,LOW,0.0,OPEN,-100.0,70.0,-0.001
1.85,0.0566,LOW,0.0,OPEN,-100.0,70.0,-0.001
1.86,0.0608,LOW,0.0,OPEN,-100.0,70.0,-0.001
1.86,0.0608,LOW,0.0,OPEN,-100.0,70.0,-0.001
1.87,0.0576,LOW,0.0,OPEN,-100.0,70.0,-0.001
1.87,0.0576,LOW,0.0,OPEN,-100.0,70.0,-0.001
1.88,0.0573,LOW,0.0,OPEN,-100.0,70.0,-0.001
1.88,0.0573,LOW,0.0,OPEN,-100.0,70.0,-0.001
1.89,0.057,LOW,0.0,OPEN,-100.0,70.0,-0.001
1.89,0.057,LOW,0.0,OPEN,-100.0,70.0,-0.001
1.9,0.0576,LOW,0.0,OPEN,-100.0,70.0,-0.001
1.9,0.0576,LOW,0.0,OPEN,-100.0,70.0,-0.001
1.91,0.0592,LOW,0.0,OPEN,-100.0,70.0,-0.001
1.91,0.0592,LOW,0.0,OPEN,-100.0,70.0,-0.001
1.92,0.0582,LOW,0.0,OPEN,-100.0,70.0,-0.001
1.92,0.0582,LOW,0.0,OPEN,-100.0,70.0,-0.001
1.93,0.0554,LOW,0.0,OPEN,-100.0,70.0,-0.001
1.93,0.0554,LOW,0.0,OPEN,-100.0,70.0,-0.001
1.94,0.0564,LOW,0.0,OPEN,-100.0,70.0,-0.001
1.94,0.0564,LOW,0.0,OPEN,-100.0,70.0,-0.001
1.95,0.0564,LOW,0.0,OPEN,-100.0,70.0,-0.001
1.95,0.0564,LOW,0.0,OPEN,-100.0,70.0,-0.001
1.96,0.0538,LOW,0.0,OPEN,-100.0,70.0,-0.001
1.96,0.0538,LOW,0.0,OPEN,-100.0,70.0,-0.001
1.97,0.0518,LOW,0.0,OPEN,-100.0,70.0,-0.001
1.97,0.0518,LOW,0.0,OPEN,-100.0,70.0,-0.001
1.98,0.0528,LOW,0.0,OPEN,-100.0,70.0,-0.001
1.98,0.0528,LOW,0.0,OPEN,-100.0,70.0,-0.001
1.99,0.0543,LOW,0.0,OPEN,-100.0,70.0,-0.001
1.99,0.0543,LOW,0.0,OPEN,-100.0,70.0,-0.001
2.0,0.0531,LOW,0.0,OPEN,-100.0,70.0,-0.001
2.0,0.0531,LOW,0.0,OPEN,-100.0,70.0,-0.001
2.01,0.1129,LOW,0.0,OPEN,-100.0,70.0,-0.001
2.01,0.1129,LOW,0.0,OPEN,-100.0,70.0,-0.001
2.02,0.1265,LOW,0.0,OPEN,-100.0,70.0,-0.001
2.02,0.1265,LOW,0.0,OPEN,-100.0,70.0,-0.001
2.03,0.139,LOW,0.0,OPEN,-100.0,70.0,-0.001
2.03,0.139,LOW,0.0,OPEN,-100.0,70.0,-0.001
2.04,0.163,MEDIUM,0.25,OPEN,-100.0,70.0,-0.001
2.04,0.163,MEDIUM,0.25,OPEN,-100.0,70.0,-0.001
2.05,0.1631,MEDIUM,0.25,OPEN,-100.0,70.0,-0.001
2.05,0.1631,MEDIUM,0.25,OPEN,-100.0,70.0,-0.001
2.06,0.1851,MEDIUM,0.25,OPEN,-100.0,70.0,-0.001
2.06,0.1851,MEDIUM,0.25,OPEN,-100.0,70.0,-0.001
2.07,0.1964,MEDIUM,0.25,OPEN,-100.0,70.0,-0.001
2.07,0.1964,MEDIUM,0.25,OPEN,-100.0,70.0,-0.001
2.08,0.2043,MEDIUM,0.25,OPEN,-100.0,70.0,-0.001
2.08,0.2043,MEDIUM,0.25,OPEN,-100.0,70.0,-0.001
2.09,0.2224,MEDIUM,0.25,OPEN,-100.0,70.0,-0.001
2.09,0.2224,MEDIUM,0.25,OPEN,-100.0,70.0,-0.001
2.1,0.2225,MEDIUM,0.25,OPEN,-100.0,70.0,-0.001
2.1,0.2225,MEDIUM,0.25,OPEN,-100.0,70.0,-0.001
2.11,0.2133,MEDIUM,0.25,OPEN,-100.0,70.0,-0.001
2.11,0.2133,MEDIUM,0.25,OPEN,-100.0,70.0,-0.001
2.12,0.2111,MEDIUM,0.25,OPEN,-100.0,70.0,-0.001
2.12,0.2111,MEDIUM,0.25,OPEN,-100.0,70.0,-0.001
2.13,0.2133,MEDIUM,0.25,OPEN,-100.0,70.0,-0.001
2.13,0.2133,MEDIUM,0.25,OPEN,-100.0,70.0,-0.001
2.14,0.2181,MEDIUM,0.25,OPEN,-100.0,70.0,-0.001
2.14,0.2181,MEDIUM,0.25,OPEN,-100.0,70.0,-0.001
2.15,0.2181,MEDIUM,0.25,OPEN,-100.0,70.0,-0.001
2.15,0.2181,MEDIUM,0.25,OPEN,-100.0,70.0,-0.001
2.16,0.2195,MEDIUM,0.25,OPEN,-100.0,70.0,-0.001
2.16,0.2195,MEDIUM,0.25,OPEN,-100.0,70.0,-0.001
2.17,0.2178,MEDIUM,0.25,OPEN,-100.0,70.0,-0.001
2.17,0.2178,MEDIUM,0.25,OPEN,-100.0,70.0,-0.001
2.18,0.2155,MEDIUM,0.25,OPEN,-100.0,70.0,-0.001
2.18,0.2155,MEDIUM,0.25,OPEN,-100.0,70.0,-0.001
2.19,0.2161,MEDIUM,0.25,OPEN,-100.0,70.0,-0.001
2.19,0.2161,MEDIUM,0.25,OPEN,-100.0,70.0,-0.001
2.2,0.2162,MEDIUM,0.25,OPEN,-100.0,70.0,-0.001
2.2,0.2162,MEDIUM,0.25,OPEN,-100.0,70.0,-0.001
2.21,0.2219,MEDIUM,0.25,OPEN,-100.0,70.0,-0.001
2.21,0.2219,MEDIUM,0.25,OPEN,-100.0,70.0,-0.001
2.22,0.2244,MEDIUM,0.25,OPEN,-100.0,70.0,-0.001
2.22,0.2244,MEDIUM,0.25,OPEN,-100.0,70.0,-0.001
2.23,0.2224,MEDIUM,0.25,OPEN,-100.0,70.0,-0.001
2.23,0.2224,MEDIUM,0.25,OPEN,-100.0,70.0,-0.001
2.24,0.2152,MEDIUM,0.25,OPEN,-100.0,70.0,-0.001
2.24,0.2152,MEDIUM,0.25,OPEN,-100.0,70.0,-0.001
2.25,0.2152,MEDIUM,0.25,OPEN,-100.0,70.0,-0.001
2.25,0.2152,MEDIUM,0.25,OPEN,-100.0,70.0,-0.001
2.26,0.2129,MEDIUM,0.25,OPEN,-100.0,70.0,-0.001
2.26,0.2129,MEDIUM,0.25,OPEN,-100.0,70.0,-0.001
2.27,0.2109,MEDIUM,0.25,OPEN,-100.0,70.0,-0.001
2.27,0.2109,MEDIUM,0.25,OPEN,-100.0,70.0,-0.001
2.28,0.2104,MEDIUM,0.25,OPEN,-100.0,70.0,-0.001
2.28,0.2104,MEDIUM,0.25,OPEN,-100.0,70.0,-0.001
2.29,0.2069,MEDIUM,0.25,OPEN,-100.0,70.0,-0.001
2.29,0.2069,MEDIUM,0.25,OPEN,-100.0,70.0,-0.001
2.3,0.2068,MEDIUM,0.25,OPEN,-100.0,70.0,-0.001
2.3,0.2068,MEDIUM,0.25,OPEN,-100.0,70.0,-0.001
2.31,0.2048,MEDIUM,0.25,OPEN,-100.0,70.0,-0.001
2.31,0.2048,MEDIUM,0.25,OPEN,-100.0,70.0,-0.001
2.32,0.2041,MEDIUM,0.25,OPEN,-100.0,70.0,-0.001
2.32,0.2041,MEDIUM,0.25,OPEN,-100.0,70.0,-0.001
2.33,0.2037,MEDIUM,0.25,OPEN,-100.0,70.0,-0.001
2.33,0.2037,MEDIUM,0.25,OPEN,-100.0,70.0,-0.001
2.34,0.2065,MEDIUM,0.25,OPEN,-100.0,70.0,-0.001
2.34,0.2065,MEDIUM,0.25,OPEN,-100.0,70.0,-0.001
2.35,0.2064,MEDIUM,0.25,OPEN,-100.0,70.0,-0.001
2.35,0.2064,MEDIUM,0.25,OPEN,-100.0,70.0,-0.001
2.36,0.208,MEDIUM,0.25,OPEN,-100.0,70.0,-0.001
2.36,0.208,MEDIUM,0.25,OPEN,-100.0,70.0,-0.001
2.37,0.2081,MEDIUM,0.25,OPEN,-100.0,70.0,-0.001
2.37,0.2081,MEDIUM,0.25,OPEN,-100.0,70.0,-0.001
2.38,0.2105,MEDIUM,0.25,OPEN,-100.0,70.0,-0.001
2.38,0.2105,MEDIUM,0.25,OPEN,-100.0,70.0,-0.001
2.39,0.2112,MEDIUM,0.25,OPEN,-100.0,70.0,-0.001
2.39,0.2112,MEDIUM,0.25,OPEN,-100.0,70.0,-0.001
2.4,0.2114,MEDIUM,0.25,OPEN,-100.0,70.0,-0.001
2.4,0.2114,MEDIUM,0.25,OPEN,-100.0,70.0,-0.001
2.41,0.2124,MEDIUM,0.25,OPEN,-100.0,70.0,-0.001
2.41,0.2124,MEDIUM,0.25,OPEN,-100.0,70.0,-0.001
2.42,0.2125,MEDIUM,0.25,OPEN,-100.0,70.0,-0.001
2.42,0.2125,MEDIUM,0.25,OPEN,-100.0,70.0,-0.001
2.43,0.2143,MEDIUM,0.25,OPEN,-100.0,70.0,-0.001
2.43,0.2143,MEDIUM,0.25,OPEN,-100.0,70.0,-0.001
2.44,0.216,MEDIUM,0.25,OPEN,-100.0,70.0,-0.001
2.44,0.216,MEDIUM,0.25,OPEN,-100.0,70.0,-0.001
2.45,0.216,MEDIUM,0.25,OPEN,-100.0,70.0,-0.001
2.45,0.216,MEDIUM,0.25,OPEN,-100.0,70.0,-0.001
2.46,0.2179,MEDIUM,0.25,OPEN,-100.0,70.0,-0.001
2.46,0.2179,MEDIUM,0.25,OPEN,-100.0,70.0,-0.001
2.47,0.2177,MEDIUM,0.25,OPEN,-100.0,70.0,-0.001
2.47,0.2177,MEDIUM,0.25,OPEN,-100.0,70.0,-0.001
2.48,0.2177,MEDIUM,0.25,OPEN,-100.0,70.0,-0.001
2.48,0.2177,MEDIUM,0.25,OPEN,-100.0,70.0,-0.001
2.49,0.2211,MEDIUM,0.25,OPEN,-100.0,70.0,-0.001
2.49,0.2211,MEDIUM,0.25,OPEN,-100.0,70.0,-0.001
2.5,0.221,MEDIUM,0.25,OPEN,-100.0,70.0,-0.001
2.5,0.221,MEDIUM,0.25,OPEN,-100.0,70.0,-0.001
2.51,0.218,MEDIUM,0.25,OPEN,-100.0,70.0,-0.001
2.51,0.218,MEDIUM,0.25,OPEN,-100.0,70.0,-0.001
2.52,0.2174,MEDIUM,0.25,OPEN,-100.0,70.0,-0.001
2.52,0.2174,MEDIUM,0.25,OPEN,-100.0,70.0,-0.001
2.53,0.218,MEDIUM,0.25,OPEN,-100.0,70.0,-0.001
2.53,0.218,MEDIUM,0.25,OPEN,-100.0,70.0,-0.001
2.54,0.2177,MEDIUM,0.25,OPEN,-100.0,70.0,-0.001
2.54,0.2177,MEDIUM,0.25,OPEN,-100.0,70.0,-0.001
2.55,0.2176,MEDIUM,0.25,OPEN,-100.0,70.0,-0.001
2.55,0.2176,MEDIUM,0.25,OPEN,-100.0,70.0,-0.001
2.56,0.2103,MEDIUM,0.25,OPEN,-100.0,70.0,-0.001
2.56,0.2103,MEDIUM,0.25,OPEN,-100.0,70.0,-0.001
2.57,0.2105,MEDIUM,0.25,OPEN,-100.0,70.0,-0.001
2.57,0.2105,MEDIUM,0.25,OPEN,-100.0,70.0,-0.001
2.58,0.208,MEDIUM,0.25,OPEN,-100.0,70.0,-0.001
2.58,0.208,MEDIUM,0.25,OPEN,-100.0,70.0,-0.001
2.59,0.2035,MEDIUM,0.25,OPEN,-100.0,70.0,-0.001
2.59,0.2035,MEDIUM,0.25,OPEN,-100.0,70.0,-0.001
2.6,0.2033,MEDIUM,0.25,OPEN,-100.0,70.0,-0.001
2.6,0.2033,MEDIUM,0.25,OPEN,-100.0,70.0,-0.001
2.61,0.2072,MEDIUM,0.25,OPEN,-100.0,70.0,-0.001
2.61,0.2072,MEDIUM,0.25,OPEN,-100.0,70.0,-0.001
2.62,0.2083,MEDIUM,0.25,OPEN,-100.0,70.0,-0.001
2.62,0.2083,MEDIUM,0.25,OPEN,-100.0,70.0,-0.001
2.63,0.209,MEDIUM,0.25,OPEN,-100.0,70.0,-0.001
2.63,0.209,MEDIUM,0.25,OPEN,-100.0,70.0,-0.001
2.64,0.2102,MEDIUM,0.25,OPEN,-100.0,70.0,-0.001
2.64,0.2102,MEDIUM,0.25,OPEN,-100.0,70.0,-0.001
2.65,0.2102,MEDIUM,0.25,OPEN,-100.0,70.0,-0.001
2.65,0.2102,MEDIUM,0.25,OPEN,-100.0,70.0,-0.001
2.66,0.2114,MEDIUM,0.25,OPEN,-99.998,69.997,-0.003
2.66,0.2114,MEDIUM,0.25,OPEN,-99.998,69.997,-0.003
2.67,0.2135,MEDIUM,0.25,OPEN,-99.996,69.995,-0.006
2.67,0.2135,MEDIUM,0.25,OPEN,-99.996,69.995,-0.006
2.68,0.2155,MEDIUM,0.25,OPEN,-99.995,69.992,-0.009
2.68,0.2155,MEDIUM,0.25,OPEN,-99.995,69.992,-0.009
2.69,0.2175,MEDIUM,0.25,OPEN,-99.993,69.989,-0.011
2.69,0.2175,MEDIUM,0.25,OPEN,-99.993,69.989,-0.011
2.7,0.2176,MEDIUM,0.25,OPEN,-99.991,69.987,-0.014
2.7,0.2176,MEDIUM,0.25,OPEN,-99.991,69.987,-0.014
2.71,0.221,MEDIUM,0.25,OPEN,-99.99,69.984,-0.016
2.71,0.221,MEDIUM,0.25,OPEN,-99.99,69.984,-0.016
2.72,0.2192,MEDIUM,0.25,OPEN,-99.988,69.982,-0.019
2.72,0.2192,MEDIUM,0.25,OPEN,-99.988,69.982,-0.019
2.73,0.2166,MEDIUM,0.25,OPEN,-99.986,69.979,-0.021
2.73,0.2166,MEDIUM,0.25,OPEN,-99.986,69.979,-0.021
2.74,0.218,MEDIUM,0.25,OPEN,-99.984,69.977,-0.024
2.74,0.218,MEDIUM,0.25,OPEN,-99.984,69.977,-0.024
2.75,0.2181,MEDIUM,0.25,OPEN,-99.983,69.974,-0.027
2.75,0.2181,MEDIUM,0.25,OPEN,-99.983,69.974,-0.027
2.76,0.2188,MEDIUM,0.25,OPEN,-99.974,69.963,-0.021
2.76,0.2188,MEDIUM,0.25,OPEN,-99.974,69.963,-0.021
2.77,0.2175,MEDIUM,0.25,OPEN,-99.966,69.952,-0.015
2.77,0.2175,MEDIUM,0.25,OPEN,-99.966,69.952,-0.015
2.78,0.2188,MEDIUM,0.25,OPEN,-99.949,69.931,-0.019
2.78,0.2188,MEDIUM,0.25,OPEN,-99.949,69.931,-0.019
2.79,0.2208,MEDIUM,0.25,OPEN,-99.933,69.91,-0.024
2.79,0.2208,MEDIUM,0.25,OPEN,-99.933,69.91,-0.024
2.8,0.2207,MEDIUM,0.25,OPEN,-99.916,69.89,-0.029
2.8,0.2207,MEDIUM,0.25,OPEN,-99.916,69.89,-0.029
2.81,0.2154,MEDIUM,0.25,OPEN,-99.899,69.869,-0.033
2.81,0.2154,MEDIUM,0.25,OPEN,-99.899,69.869,-0.033
2.82,0.2141,MEDIUM,0.25,OPEN,-99.882,69.848,-0.038
2.82,0.2141,MEDIUM,0.25,OPEN,-99.882,69.848,-0.038
2.83,0.2107,MEDIUM,0.25,OPEN,-99.865,69.827,-0.043
2.83,0.2107,MEDIUM,0.25,OPEN,-99.865,69.827,-0.043
2.84,0.2039,MEDIUM,0.25,OPEN,-99.848,69.807,-0.047
2.84,0.2039,MEDIUM,0.25,OPEN,-99.848,69.807,-0.047
2.85,0.2039,MEDIUM,0.25,OPEN,-99.831,69.786,-0.052
2.85,0.2039,MEDIUM,0.25,OPEN,-99.831,69.786,-0.052
2.86,0.2041,MEDIUM,0.25,OPEN,-99.815,69.765,-0.057
2.86,0.2041,MEDIUM,0.25,OPEN,-99.815,69.765,-0.057
2.87,0.2071,MEDIUM,0.25,OPEN,-99.798,69.744,-0.061
2.87,0.2071,MEDIUM,0.25,OPEN,-99.798,69.744,-0.061
2.88,0.2066,MEDIUM,0.25,OPEN,-99.781,69.724,-0.066
2.88,0.2066,MEDIUM,0.25,OPEN,-99.781,69.724,-0.066
2.89,0.2041,MEDIUM,0.25,OPEN,-99.764,69.703,-0.071
2.89,0.2041,MEDIUM,0.25,OPEN,-99.764,69.703,-0.071
2.9,0.2043,MEDIUM,0.25,OPEN,-99.747,69.682,-0.075
2.9,0.2043,MEDIUM,0.25,OPEN,-99.747,69.682,-0.075
2.91,0.2091,MEDIUM,0.25,OPEN,-99.73,69.661,-0.08
2.91,0.2091,MEDIUM,0.25,OPEN,-99.73,69.661,-0.08
2.92,0.211,MEDIUM,0.25,OPEN,-99.713,69.641,-0.085
2.92,0.211,MEDIUM,0.25,OPEN,-99.713,69.641,-0.085
2.93,0.2114,MEDIUM,0.25,OPEN,-99.697,69.62,-0.089
2.93,0.2114,MEDIUM,0.25,OPEN,-99.697,69.62,-0.089
2.94,0.216,MEDIUM,0.25,OPEN,-99.68,69.599,-0.094
2.94,0.216,MEDIUM,0.25,OPEN,-99.68,69.599,-0.094
2.95,0.216,MEDIUM,0.25,OPEN,-99.663,69.578,-0.099
2.95,0.216,MEDIUM,0.25,OPEN,-99.663,69.578,-0.099
2.96,0.2218,MEDIUM,0.25,OPEN,-99.646,69.558,-0.103
2.96,0.2218,MEDIUM,0.25,OPEN,-99.646,69.558,-0.103
2.97,0.2196,MEDIUM,0.25,OPEN,-99.629,69.537,-0.108
2.97,0.2196,MEDIUM,0.25,OPEN,-99.629,69.537,-0.108
2.98,0.2195,MEDIUM,0.25,OPEN,-99.612,69.516,-0.113
2.98,0.2195,MEDIUM,0.25,OPEN,-99.612,69.516,-0.113
2.99,0.219,MEDIUM,0.25,OPEN,-99.596,69.496,-0.117
2.99,0.219,MEDIUM,0.25,OPEN,-99.596,69.496,-0.117
3.0,0.2188,MEDIUM,0.25,OPEN,-99.579,69.475,-0.122
3.0,0.2188,MEDIUM,0.25,OPEN,-99.579,69.475,-0.122
3.01,0.2181,MEDIUM,0.25,OPEN,-99.562,69.454,-0.127
3.01,0.2181,MEDIUM,0.25,OPEN,-99.562,69.454,-0.127
3.02,0.2213,MEDIUM,0.25,OPEN,-99.545,69.433,-0.131
3.02,0.2213,MEDIUM,0.25,OPEN,-99.545,69.433,-0.131
3.03,0.2254,MEDIUM,0.25,OPEN,-99.528,69.413,-0.136
3.03,0.2254,MEDIUM,0.25,OPEN,-99.528,69.413,-0.136
3.04,0.2248,MEDIUM,0.25,OPEN,-99.511,69.392,-0.141
3.04,0.2248,MEDIUM,0.25,OPEN,-99.511,69.392,-0.141
3.05,0.2249,MEDIUM,0.25,OPEN,-99.494,69.371,-0.145
3.05,0.2249,MEDIUM,0.25,OPEN,-99.494,69.371,-0.145
3.06,0.2196,MEDIUM,0.25,OPEN,-99.478,69.35,-0.15
3.06,0.2196,MEDIUM,0.25,OPEN,-99.478,69.35,-0.15
3.07,0.2171,MEDIUM,0.25,OPEN,-99.461,69.33,-0.155
3.07,0.2171,MEDIUM,0.25,OPEN,-99.461,69.33,-0.155
3.08,0.2112,MEDIUM,0.25,OPEN,-99.444,69.309,-0.159
3.08,0.2112,MEDIUM,0.25,OPEN,-99.444,69.309,-0.159
3.09,0.2102,MEDIUM,0.25,OPEN,-99.427,69.288,-0.164
3.09,0.2102,MEDIUM,0.25,OPEN,-99.427,69.288,-0.164
3.1,0.2102,MEDIUM,0.25,OPEN,-99.41,69.267,-0.169
3.1,0.2102,MEDIUM,0.25,OPEN,-99.41,69.267,-0.169
3.11,0.203,MEDIUM,0.25,OPEN,-99.393,69.247,-0.173
3.11,0.203,MEDIUM,0.25,OPEN,-99.393,69.247,-0.173
3.12,0.198,MEDIUM,0.25,OPEN,-99.377,69.226,-0.178
3.12,0.198,MEDIUM,0.25,OPEN,-99.377,69.226,-0.178
3.13,0.1944,MEDIUM,0.25,OPEN,-99.36,69.205,-0.183
3.13,0.1944,MEDIUM,0.25,OPEN,-99.36,69.205,-0.183
3.14,0.1911,MEDIUM,0.25,OPEN,-99.343,69.185,-0.187
3.14,0.1911,MEDIUM,0.25,OPEN,-99.343,69.185,-0.187
3.15,0.1911,MEDIUM,0.25,OPEN,-99.326,69.164,-0.192
3.15,0.1911,MEDIUM,0.25,OPEN,-99.326,69.164,-0.192
3.16,0.1916,MEDIUM,0.25,OPEN,-99.309,69.143,-0.197
3.16,0.1916,MEDIUM,0.25,OPEN,-99.309,69.143,-0.197
3.17,0.1906,MEDIUM,0.25,OPEN,-99.292,69.122,-0.201
3.17,0.1906,MEDIUM,0.25,OPEN,-99.292,69.122,-0.201
3.18,0.1967,MEDIUM,0.25,OPEN,-99.275,69.102,-0.206
3.18,0.1967,MEDIUM,0.25,OPEN,-99.275,69.102,-0.206
3.19,0.1994,MEDIUM,0.25,OPEN,-99.259,69.081,-0.211
3.19,0.1994,MEDIUM,0.25,OPEN,-99.259,69.081,-0.211
3.2,0.1994,MEDIUM,0.25,OPEN,-99.242,69.06,-0.215
3.2,0.1994,MEDIUM,0.25,OPEN,-99.242,69.06,-0.215
3.21,0.2062,MEDIUM,0.25,OPEN,-99.225,69.039,-0.22
3.21,0.2062,MEDIUM,0.25,OPEN,-99.225,69.039,-0.22
3.22,0.2088,MEDIUM,0.25,OPEN,-99.208,69.019,-0.224
3.22,0.2088,MEDIUM,0.25,OPEN,-99.208,69.019,-0.224
3.23,0.21,MEDIUM,0.25,OPEN,-99.191,68.998,-0.229
3.23,0.21,MEDIUM,0.25,OPEN,-99.191,68.998,-0.229
3.24,0.2073,MEDIUM,0.25,OPEN,-99.174,68.977,-0.234
3.24,0.2073,MEDIUM,0.25,OPEN,-99.174,68.977,-0.234
3.25,0.2071,MEDIUM,0.25,OPEN,-99.157,68.956,-0.238
3.25,0.2071,MEDIUM,0.25,OPEN,-99.157,68.956,-0.238
3.26,0.2119,MEDIUM,0.25,OPEN,-99.141,68.936,-0.243
3.26,0.2119,MEDIUM,0.25,OPEN,-99.141,68.936,-0.243
3.27,0.2157,MEDIUM,0.25,OPEN,-99.124,68.915,-0.248
3.27,0.2157,MEDIUM,0.25,OPEN,-99.124,68.915,-0.248
3.28,0.2167,MEDIUM,0.25,OPEN,-99.107,68.894,-0.252
3.28,0.2167,MEDIUM,0.25,OPEN,-99.107,68.894,-0.252
3.29,0.2151,MEDIUM,0.25,OPEN,-99.09,68.874,-0.257
3.29,0.2151,MEDIUM,0.25,OPEN,-99.09,68.874,-0.257
3.3,0.2151,MEDIUM,0.25,OPEN,-99.073,68.853,-0.262
3.3,0.2151,MEDIUM,0.25,OPEN,-99.073,68.853,-0.262
3.31,0.2145,MEDIUM,0.25,OPEN,-99.056,68.832,-0.266
3.31,0.2145,MEDIUM,0.25,OPEN,-99.056,68.832,-0.266
3.32,0.2137,MEDIUM,0.25,OPEN,-99.04,68.811,-0.271
3.32,0.2137,MEDIUM,0.25,OPEN,-99.04,68.811,-0.271
3.33,0.2162,MEDIUM,0.25,OPEN,-99.023,68.791,-0.276
3.33,0.2162,MEDIUM,0.25,OPEN,-99.023,68.791,-0.276
3.34,0.2275,MEDIUM,0.25,OPEN,-99.006,68.77,-0.28
3.34,0.2275,MEDIUM,0.25,OPEN,-99.006,68.77,-0.28
3.35,0.2275,MEDIUM,0.25,OPEN,-98.989,68.749,-0.285
3.35,0.2275,MEDIUM,0.25,OPEN,-98.989,68.749,-0.285
3.36,0.226,MEDIUM,0.25,OPEN,-98.972,68.728,-0.29
3.36,0.226,MEDIUM,0.25,OPEN,-98.972,68.728,-0.29
3.37,0.2268,MEDIUM,0.25,OPEN,-98.955,68.708,-0.294
3.37,0.2268,MEDIUM,0.25,OPEN,-98.955,68.708,-0.294
3.38,0.2259,MEDIUM,0.25,OPEN,-98.938,68.687,-0.299
3.38,0.2259,MEDIUM,0.25,OPEN,-98.938,68.687,-0.299
3.39,0.2242,MEDIUM,0.25,OPEN,-98.922,68.666,-0.304
3.39,0.2242,MEDIUM,0.25,OPEN,-98.922,68.666,-0.304
3.4,0.2242,MEDIUM,0.25,OPEN,-98.905,68.645,-0.308
3.4,0.2242,MEDIUM,0.25,OPEN,-98.905,68.645,-0.308
3.41,0.2199,MEDIUM,0.25,OPEN,-98.888,68.625,-0.313
3.41,0.2199,MEDIUM,0.25,OPEN,-98.888,68.625,-0.313
3.42,0.2182,MEDIUM,0.25,OPEN,-98.871,68.604,-0.318
3.42,0.2182,MEDIUM,0.25,OPEN,-98.871,68.604,-0.318
3.43,0.214,MEDIUM,0.25,OPEN,-98.854,68.583,-0.322
3.43,0.214,MEDIUM,0.25,OPEN,-98.854,68.583,-0.322
3.44,0.205,MEDIUM,0.25,OPEN,-98.837,68.562,-0.327
3.44,0.205,MEDIUM,0.25,OPEN,-98.837,68.562,-0.327
3.45,0.2051,MEDIUM,0.25,OPEN,-98.821,68.542,-0.332
3.45,0.2051,MEDIUM,0.25,OPEN,-98.821,68.542,-0.332
3.46,0.2056,MEDIUM,0.25,OPEN,-98.804,68.521,-0.336
3.46,0.2056,MEDIUM,0.25,OPEN,-98.804,68.521,-0.336
3.47,0.2056,MEDIUM,0.25,OPEN,-98.787,68.5,-0.341
3.47,0.2056,MEDIUM,0.25,OPEN,-98.787,68.5,-0.341
3.48,0.2066,MEDIUM,0.25,OPEN,-98.77,68.48,-0.346
3.48,0.2066,MEDIUM,0.25,OPEN,-98.77,68.48,-0.346
3.49,0.2064,MEDIUM,0.25,OPEN,-98.753,68.459,-0.35
3.49,0.2064,MEDIUM,0.25,OPEN,-98.753,68.459,-0.35
3.5,0.2064,MEDIUM,0.25,OPEN,-98.736,68.438,-0.355
3.5,0.2064,MEDIUM,0.25,OPEN,-98.736,68.438,-0.355
3.51,0.212,MEDIUM,0.25,OPEN,-98.719,68.417,-0.36
3.51,0.212,MEDIUM,0.25,OPEN,-98.719,68.417,-0.36
3.52,0.2157,MEDIUM,0.25,OPEN,-98.703,68.397,-0.364
3.52,0.2157,MEDIUM,0.25,OPEN,-98.703,68.397,-0.364
3.53,0.2181,MEDIUM,0.25,OPEN,-98.686,68.376,-0.369
3.53,0.2181,MEDIUM,0.25,OPEN,-98.686,68.376,-0.369
3.54,0.2274,MEDIUM,0.25,OPEN,-98.669,68.355,-0.374
3.54,0.2274,MEDIUM,0.25,OPEN,-98.669,68.355,-0.374
3.55,0.2273,MEDIUM,0.25,OPEN,-98.652,68.334,-0.378
3.55,0.2273,MEDIUM,0.25,OPEN,-98.652,68.334,-0.378
3.56,0.225,MEDIUM,0.25,OPEN,-98.635,68.314,-0.383
3.56,0.225,MEDIUM,0.25,OPEN,-98.635,68.314,-0.383
3.57,0.2268,MEDIUM,0.25,OPEN,-98.618,68.293,-0.388
3.57,0.2268,MEDIUM,0.25,OPEN,-98.618,68.293,-0.388
3.58,0.227,MEDIUM,0.25,OPEN,-98.601,68.272,-0.392
3.58,0.227,MEDIUM,0.25,OPEN,-98.601,68.272,-0.392
3.59,0.2314,MEDIUM,0.25,OPEN,-98.585,68.251,-0.397
3.59,0.2314,MEDIUM,0.25,OPEN,-98.585,68.251,-0.397
3.6,0.2314,MEDIUM,0.25,OPEN,-98.568,68.231,-0.402
3.6,0.2314,MEDIUM,0.25,OPEN,-98.568,68.231,-0.402
3.61,0.2289,MEDIUM,0.25,OPEN,-98.551,68.21,-0.406
3.61,0.2289,MEDIUM,0.25,OPEN,-98.551,68.21,-0.406
3.62,0.2285,MEDIUM,0.25,OPEN,-98.534,68.189,-0.411
3.62,0.2285,MEDIUM,0.25,OPEN,-98.534,68.189,-0.411
3.63,0.2247,MEDIUM,0.25,OPEN,-98.517,68.169,-0.416
3.63,0.2247,MEDIUM,0.25,OPEN,-98.517,68.169,-0.416
3.64,0.2128,MEDIUM,0.25,OPEN,-98.5,68.148,-0.42
3.64,0.2128,MEDIUM,0.25,OPEN,-98.5,68.148,-0.42
3.65,0.2129,MEDIUM,0.25,OPEN,-98.484,68.127,-0.425
3.65,0.2129,MEDIUM,0.25,OPEN,-98.484,68.127,-0.425
3.66,0.2144,MEDIUM,0.25,OPEN,-98.467,68.106,-0.43
3.66,0.2144,MEDIUM,0.25,OPEN,-98.467,68.106,-0.43
3.67,0.2127,MEDIUM,0.25,OPEN,-98.45,68.086,-0.434
3.67,0.2127,MEDIUM,0.25,OPEN,-98.45,68.086,-0.434
3.68,0.2128,MEDIUM,0.25,OPEN,-98.433,68.065,-0.439
3.68,0.2128,MEDIUM,0.25,OPEN,-98.433,68.065,-0.439
3.69,0.2084,MEDIUM,0.25,OPEN,-98.416,68.044,-0.444
3.69,0.2084,MEDIUM,0.25,OPEN,-98.416,68.044,-0.444
3.7,0.2084,MEDIUM,0.25,OPEN,-98.399,68.023,-0.448
3.7,0.2084,MEDIUM,0.25,OPEN,-98.399,68.023,-0.448
3.71,0.2034,MEDIUM,0.25,OPEN,-98.382,68.003,-0.453
3.71,0.2034,MEDIUM,0.25,OPEN,-98.382,68.003,-0.453
3.72,0.2007,MEDIUM,0.25,OPEN,-98.366,67.982,-0.458
3.72,0.2007,MEDIUM,0.25,OPEN,-98.366,67.982,-0.458
3.73,0.2068,MEDIUM,0.25,OPEN,-98.349,67.961,-0.462
3.73,0.2068,MEDIUM,0.25,OPEN,-98.349,67.961,-0.462
3.74,0.2114,MEDIUM,0.25,OPEN,-98.332,67.94,-0.467
3.74,0.2114,MEDIUM,0.25,OPEN,-98.332,67.94,-0.467
3.75,0.2112,MEDIUM,0.25,OPEN,-98.315,67.92,-0.472
3.75,0.2112,MEDIUM,0.25,OPEN,-98.315,67.92,-0.472
3.76,0.2121,MEDIUM,0.25,OPEN,-98.298,67.899,-0.476
3.76,0.2121,MEDIUM,0.25,OPEN,-98.298,67.899,-0.476
3.77,0.2116,MEDIUM,0.25,OPEN,-98.281,67.878,-0.481
3.77,0.2116,MEDIUM,0.25,OPEN,-98.281,67.878,-0.481
3.78,0.2087,MEDIUM,0.25,OPEN,-98.265,67.858,-0.486
3.78,0.2087,MEDIUM,0.25,OPEN,-98.265,67.858,-0.486
3.79,0.2086,MEDIUM,0.25,OPEN,-98.248,67.837,-0.49
3.79,0.2086,MEDIUM,0.25,OPEN,-98.248,67.837,-0.49
3.8,0.2086,MEDIUM,0.25,OPEN,-98.231,67.816,-0.495
3.8,0.2086,MEDIUM,0.25,OPEN,-98.231,67.816,-0.495
3.81,0.2112,MEDIUM,0.25,OPEN,-98.214,67.795,-0.5
3.81,0.2112,MEDIUM,0.25,OPEN,-98.214,67.795,-0.5
3.82,0.2138,MEDIUM,0.25,OPEN,-98.197,67.775,-0.504
3.82,0.2138,MEDIUM,0.25,OPEN,-98.197,67.775,-0.504
3.83,0.2097,MEDIUM,0.25,OPEN,-98.18,67.754,-0.509
3.83,0.2097,MEDIUM,0.25,OPEN,-98.18,67.754,-0.509
3.84,0.2042,MEDIUM,0.25,OPEN,-98.163,67.733,-0.514
3.84,0.2042,MEDIUM,0.25,OPEN,-98.163,67.733,-0.514
3.85,0.2043,MEDIUM,0.25,OPEN,-98.147,67.712,-0.518
3.85,0.2043,MEDIUM,0.25,OPEN,-98.147,67.712,-0.518
3.86,0.2015,MEDIUM,0.25,OPEN,-98.13,67.692,-0.523
3.86,0.2015,MEDIUM,0.25,OPEN,-98.13,67.692,-0.523
3.87,0.2001,MEDIUM,0.25,OPEN,-98.113,67.671,-0.527
3.87,0.2001,MEDIUM,0.25,OPEN,-98.113,67.671,-0.527
3.88,0.2034,MEDIUM,0.25,OPEN,-98.096,67.65,-0.532
3.88,0.2034,MEDIUM,0.25,OPEN,-98.096,67.65,-0.532
3.89,0.2027,MEDIUM,0.25,OPEN,-98.079,67.629,-0.537
3.89,0.2027,MEDIUM,0.25,OPEN,-98.079,67.629,-0.537
3.9,0.2031,MEDIUM,0.25,OPEN,-98.062,67.609,-0.541
3.9,0.2031,MEDIUM,0.25,OPEN,-98.062,67.609,-0.541
3.91,0.2084,MEDIUM,0.25,OPEN,-98.045,67.588,-0.546
3.91,0.2084,MEDIUM,0.25,OPEN,-98.045,67.588,-0.546
3.92,0.2061,MEDIUM,0.25,OPEN,-98.029,67.567,-0.551
3.92,0.2061,MEDIUM,0.25,OPEN,-98.029,67.567,-0.551
3.93,0.2087,MEDIUM,0.25,OPEN,-98.012,67.546,-0.555
3.93,0.2087,MEDIUM,0.25,OPEN,-98.012,67.546,-0.555
3.94,0.2109,MEDIUM,0.25,OPEN,-97.995,67.526,-0.56
3.94,0.2109,MEDIUM,0.25,OPEN,-97.995,67.526,-0.56
3.95,0.2112,MEDIUM,0.25,OPEN,-97.978,67.505,-0.565
3.95,0.2112,MEDIUM,0.25,OPEN,-97.978,67.505,-0.565
3.96,0.2121,MEDIUM,0.25,OPEN,-97.961,67.484,-0.569
3.96,0.2121,MEDIUM,0.25,OPEN,-97.961,67.484,-0.569
3.97,0.2101,MEDIUM,0.25,OPEN,-97.944,67.464,-0.574
3.97,0.2101,MEDIUM,0.25,OPEN,-97.944,67.464,-0.574
3.98,0.2071,MEDIUM,0.25,OPEN,-97.928,67.443,-0.579
3.98,0.2071,MEDIUM,0.25,OPEN,-97.928,67.443,-0.579
3.99,0.211,MEDIUM,0.25,OPEN,-97.911,67.422,-0.583
3.99,0.211,MEDIUM,0.25,OPEN,-97.911,67.422,-0.583
4.0,0.2107,MEDIUM,0.25,OPEN,-97.894,67.401,-0.588
4.0,0.2107,MEDIUM,0.25,OPEN,-97.894,67.401,-0.588
4.01,0.2131,MEDIUM,0.25,OPEN,-97.877,67.381,-0.593
4.01,0.2131,MEDIUM,0.25,OPEN,-97.877,67.381,-0.593
4.02,0.2135,MEDIUM,0.25,OPEN,-97.86,67.36,-0.597
4.02,0.2135,MEDIUM,0.25,OPEN,-97.86,67.36,-0.597
4.03,0.2121,MEDIUM,0.25,OPEN,-97.843,67.339,-0.602
4.03,0.2121,MEDIUM,0.25,OPEN,-97.843,67.339,-0.602
4.04,0.2133,MEDIUM,0.25,OPEN,-97.826,67.318,-0.607
4.04,0.2133,MEDIUM,0.25,OPEN,-97.826,67.318,-0.607
4.05,0.2131,MEDIUM,0.25,OPEN,-97.81,67.298,-0.611
4.05,0.2131,MEDIUM,0.25,OPEN,-97.81,67.298,-0.611
4.06,0.2175,MEDIUM,0.25,OPEN,-97.793,67.277,-0.616
4.06,0.2175,MEDIUM,0.25,OPEN,-97.793,67.277,-0.616
4.07,0.2218,MEDIUM,0.25,OPEN,-97.776,67.256,-0.621
4.07,0.2218,MEDIUM,0.25,OPEN,-97.776,67.256,-0.621
4.08,0.2229,MEDIUM,0.25,OPEN,-97.759,67.235,-0.625
4.08,0.2229,MEDIUM,0.25,OPEN,-97.759,67.235,-0.625
4.09,0.2224,MEDIUM,0.25,OPEN,-97.742,67.215,-0.63
4.09,0.2224,MEDIUM,0.25,OPEN,-97.742,67.215,-0.63
4.1,0.2224,MEDIUM,0.25,OPEN,-97.725,67.194,-0.635
4.1,0.2224,MEDIUM,0.25,OPEN,-97.725,67.194,-0.635
4.11,0.2141,MEDIUM,0.25,OPEN,-97.709,67.173,-0.639
4.11,0.2141,MEDIUM,0.25,OPEN,-97.709,67.173,-0.639
4.12,0.2146,MEDIUM,0.25,OPEN,-97.692,67.153,-0.644
4.12,0.2146,MEDIUM,0.25,OPEN,-97.692,67.153,-0.644
4.13,0.215,MEDIUM,0.25,OPEN,-97.675,67.132,-0.649
4.13,0.215,MEDIUM,0.25,OPEN,-97.675,67.132,-0.649
4.14,0.2161,MEDIUM,0.25,OPEN,-97.658,67.111,-0.653
4.14,0.2161,MEDIUM,0.25,OPEN,-97.658,67.111,-0.653
4.15,0.2159,MEDIUM,0.25,OPEN,-97.641,67.09,-0.658
4.15,0.2159,MEDIUM,0.25,OPEN,-97.641,67.09,-0.658
4.16,0.2122,MEDIUM,0.25,OPEN,-97.624,67.07,-0.663
4.16,0.2122,MEDIUM,0.25,OPEN,-97.624,67.07,-0.663
4.17,0.2133,MEDIUM,0.25,OPEN,-97.607,67.049,-0.667
4.17,0.2133,MEDIUM,0.25,OPEN,-97.607,67.049,-0.667
4.18,0.2128,MEDIUM,0.25,OPEN,-97.591,67.028,-0.672
4.18,0.2128,MEDIUM,0.25,OPEN,-97.591,67.028,-0.672
4.19,0.2113,MEDIUM,0.25,OPEN,-97.574,67.007,-0.677
4.19,0.2113,MEDIUM,0.25,OPEN,-97.574,67.007,-0.677
4.2,0.2111,MEDIUM,0.25,OPEN,-97.557,66.987,-0.681
4.2,0.2111,MEDIUM,0.25,OPEN,-97.557,66.987,-0.681
4.21,0.2167,MEDIUM,0.25,OPEN,-97.54,66.966,-0.686
4.21,0.2167,MEDIUM,0.25,OPEN,-97.54,66.966,-0.686
4.22,0.2185,MEDIUM,0.25,OPEN,-97.523,66.945,-0.691
4.22,0.2185,MEDIUM,0.25,OPEN,-97.523,66.945,-0.691
4.23,0.219,MEDIUM,0.25,OPEN,-97.506,66.924,-0.695
4.23,0.219,MEDIUM,0.25,OPEN,-97.506,66.924,-0.695
4.24,0.2217,MEDIUM,0.25,OPEN,-97.489,66.904,-0.7
4.24,0.2217,MEDIUM,0.25,OPEN,-97.489,66.904,-0.7
4.25,0.2217,MEDIUM,0.25,OPEN,-97.473,66.883,-0.705
4.25,0.2217,MEDIUM,0.25,OPEN,-97.473,66.883,-0.705
4.26,0.2167,MEDIUM,0.25,OPEN,-97.456,66.862,-0.709
4.26,0.2167,MEDIUM,0.25,OPEN,-97.456,66.862,-0.709
4.27,0.2122,MEDIUM,0.25,OPEN,-97.439,66.842,-0.714
4.27,0.2122,MEDIUM,0.25,OPEN,-97.439,66.842,-0.714
4.28,0.2141,MEDIUM,0.25,OPEN,-97.422,66.821,-0.719
4.28,0.2141,MEDIUM,0.25,OPEN,-97.422,66.821,-0.719
4.29,0.2148,MEDIUM,0.25,OPEN,-97.405,66.8,-0.723
4.29,0.2148,MEDIUM,0.25,OPEN,-97.405,66.8,-0.723
4.3,0.2148,MEDIUM,0.25,OPEN,-97.388,66.779,-0.728
4.3,0.2148,MEDIUM,0.25,OPEN,-97.388,66.779,-0.728
4.31,0.2097,MEDIUM,0.25,OPEN,-97.372,66.759,-0.733
4.31,0.2097,MEDIUM,0.25,OPEN,-97.372,66.759,-0.733
4.32,0.2044,MEDIUM,0.25,OPEN,-97.355,66.738,-0.737
4.32,0.2044,MEDIUM,0.25,OPEN,-97.355,66.738,-0.737
4.33,0.2012,MEDIUM,0.25,OPEN,-97.338,66.717,-0.742
4.33,0.2012,MEDIUM,0.25,OPEN,-97.338,66.717,-0.742
4.34,0.1977,MEDIUM,0.25,OPEN,-97.321,66.696,-0.747
4.34,0.1977,MEDIUM,0.25,OPEN,-97.321,66.696,-0.747
4.35,0.1979,MEDIUM,0.25,OPEN,-97.304,66.676,-0.751
4.35,0.1979,MEDIUM,0.25,OPEN,-97.304,66.676,-0.751
4.36,0.2023,MEDIUM,0.25,OPEN,-97.287,66.655,-0.756
4.36,0.2023,MEDIUM,0.25,OPEN,-97.287,66.655,-0.756
4.37,0.2025,MEDIUM,0.25,OPEN,-97.27,66.634,-0.761
4.37,0.2025,MEDIUM,0.25,OPEN,-97.27,66.634,-0.761
4.38,0.2035,MEDIUM,0.25,OPEN,-97.254,66.613,-0.765
4.38,0.2035,MEDIUM,0.25,OPEN,-97.254,66.613,-0.765
4.39,0.2025,MEDIUM,0.25,OPEN,-97.237,66.593,-0.77
4.39,0.2025,MEDIUM,0.25,OPEN,-97.237,66.593,-0.77
4.4,0.2024,MEDIUM,0.25,OPEN,-97.22,66.572,-0.775
4.4,0.2024,MEDIUM,0.25,OPEN,-97.22,66.572,-0.775
4.41,0.203,MEDIUM,0.25,OPEN,-97.203,66.551,-0.779
4.41,0.203,MEDIUM,0.25,OPEN,-97.203,66.551,-0.779
4.42,0.208,MEDIUM,0.25,OPEN,-97.186,66.53,-0.784
4.42,0.208,MEDIUM,0.25,OPEN,-97.186,66.53,-0.784
4.43,0.2125,MEDIUM,0.25,OPEN,-97.169,66.51,-0.788
4.43,0.2125,MEDIUM,0.25,OPEN,-97.169,66.51,-0.788
4.44,0.2141,MEDIUM,0.25,OPEN,-97.152,66.489,-0.793
4.44,0.2141,MEDIUM,0.25,OPEN,-97.152,66.489,-0.793
4.45,0.2139,MEDIUM,0.25,OPEN,-97.136,66.468,-0.798
4.45,0.2139,MEDIUM,0.25,OPEN,-97.136,66.468,-0.798
4.46,0.2108,MEDIUM,0.25,OPEN,-97.119,66.447,-0.802
4.46,0.2108,MEDIUM,0.25,OPEN,-97.119,66.447,-0.802
4.47,0.2102,MEDIUM,0.25,OPEN,-97.102,66.427,-0.807
4.47,0.2102,MEDIUM,0.25,OPEN,-97.102,66.427,-0.807
4.48,0.21,MEDIUM,0.25,OPEN,-97.085,66.406,-0.812
4.48,0.21,MEDIUM,0.25,OPEN,-97.085,66.406,-0.812
4.49,0.2171,MEDIUM,0.25,OPEN,-97.068,66.385,-0.816
4.49,0.2171,MEDIUM,0.25,OPEN,-97.068,66.385,-0.816
4.5,0.2172,MEDIUM,0.25,OPEN,-97.051,66.365,-0.821
4.5,0.2172,MEDIUM,0.25,OPEN,-97.051,66.365,-0.821
4.51,0.2191,MEDIUM,0.25,OPEN,-97.035,66.344,-0.826
4.51,0.2191,MEDIUM,0.25,OPEN,-97.035,66.344,-0.826
4.52,0.2165,MEDIUM,0.25,OPEN,-97.018,66.323,-0.83
4.52,0.2165,MEDIUM,0.25,OPEN,-97.018,66.323,-0.83
4.53,0.2137,MEDIUM,0.25,OPEN,-97.001,66.302,-0.835
4.53,0.2137,MEDIUM,0.25,OPEN,-97.001,66.302,-0.835
4.54,0.2117,MEDIUM,0.25,OPEN,-96.984,66.282,-0.84
4.54,0.2117,MEDIUM,0.25,OPEN,-96.984,66.282,-0.84
4.55,0.2119,MEDIUM,0.25,OPEN,-96.967,66.261,-0.844
4.55,0.2119,MEDIUM,0.25,OPEN,-96.967,66.261,-0.844
4.56,0.215,MEDIUM,0.25,OPEN,-96.95,66.24,-0.849
4.56,0.215,MEDIUM,0.25,OPEN,-96.95,66.24,-0.849
4.57,0.2149,MEDIUM,0.25,OPEN,-96.933,66.219,-0.854
4.57,0.2149,MEDIUM,0.25,OPEN,-96.933,66.219,-0.854
4.58,0.2136,MEDIUM,0.25,OPEN,-96.917,66.199,-0.858
4.58,0.2136,MEDIUM,0.25,OPEN,-96.917,66.199,-0.858
4.59,0.213,MEDIUM,0.25,OPEN,-96.9,66.178,-0.863
4.59,0.213,MEDIUM,0.25,OPEN,-96.9,66.178,-0.863
4.6,0.213,MEDIUM,0.25,OPEN,-96.883,66.157,-0.868
4.6,0.213,MEDIUM,0.25,OPEN,-96.883,66.157,-0.868
4.61,0.2102,MEDIUM,0.25,OPEN,-96.866,66.136,-0.872
4.61,0.2102,MEDIUM,0.25,OPEN,-96.866,66.136,-0.872
4.62,0.2081,MEDIUM,0.25,OPEN,-96.849,66.116,-0.877
4.62,0.2081,MEDIUM,0.25,OPEN,-96.849,66.116,-0.877
4.63,0.2066,MEDIUM,0.25,OPEN,-96.832,66.095,-0.882
4.63,0.2066,MEDIUM,0.25,OPEN,-96.832,66.095,-0.882
4.64,0.2088,MEDIUM,0.25,OPEN,-96.815,66.074,-0.886
4.64,0.2088,MEDIUM,0.25,OPEN,-96.815,66.074,-0.886
4.65,0.2088,MEDIUM,0.25,OPEN,-96.799,66.053,-0.891
4.65,0.2088,MEDIUM,0.25,OPEN,-96.799,66.053,-0.891
4.66,0.2033,MEDIUM,0.25,OPEN,-96.782,66.033,-0.895
4.66,0.2033,MEDIUM,0.25,OPEN,-96.782,66.033,-0.895
4.67,0.2082,MEDIUM,0.25,OPEN,-96.765,66.012,-0.9
4.67,0.2082,MEDIUM,0.25,OPEN,-96.765,66.012,-0.9
4.68,0.2073,MEDIUM,0.25,OPEN,-96.748,65.991,-0.905
4.68,0.2073,MEDIUM,0.25,OPEN,-96.748,65.991,-0.905
4.69,0.2046,MEDIUM,0.25,OPEN,-96.731,65.97,-0.909
4.69,0.2046,MEDIUM,0.25,OPEN,-96.731,65.97,-0.909
4.7,0.2045,MEDIUM,0.25,OPEN,-96.714,65.95,-0.914
4.7,0.2045,MEDIUM,0.25,OPEN,-96.714,65.95,-0.914
4.71,0.2064,MEDIUM,0.25,OPEN,-96.697,65.929,-0.919
4.71,0.2064,MEDIUM,0.25,OPEN,-96.697,65.929,-0.919
4.72,0.2104,MEDIUM,0.25,OPEN,-96.681,65.908,-0.923
4.72,0.2104,MEDIUM,0.25,OPEN,-96.681,65.908,-0.923
4.73,0.2128,MEDIUM,0.25,OPEN,-96.664,65.888,-0.928
4.73,0.2128,MEDIUM,0.25,OPEN,-96.664,65.888,-0.928
4.74,0.213,MEDIUM,0.25,OPEN,-96.647,65.867,-0.933
4.74,0.213,MEDIUM,0.25,OPEN,-96.647,65.867,-0.933
4.75,0.213,MEDIUM,0.25,OPEN,-96.63,65.846,-0.937
4.75,0.213,MEDIUM,0.25,OPEN,-96.63,65.846,-0.937
4.76,0.2206,MEDIUM,0.25,OPEN,-96.613,65.825,-0.942
4.76,0.2206,MEDIUM,0.25,OPEN,-96.613,65.825,-0.942
4.77,0.2171,MEDIUM,0.25,OPEN,-96.596,65.805,-0.947
4.77,0.2171,MEDIUM,0.25,OPEN,-96.596,65.805,-0.947
4.78,0.2192,MEDIUM,0.25,OPEN,-96.579,65.784,-0.951
4.78,0.2192,MEDIUM,0.25,OPEN,-96.579,65.784,-0.951
4.79,0.2207,MEDIUM,0.25,OPEN,-96.563,65.763,-0.956
4.79,0.2207,MEDIUM,0.25,OPEN,-96.563,65.763,-0.956
4.8,0.2207,MEDIUM,0.25,OPEN,-96.546,65.742,-0.961
4.8,0.2207,MEDIUM,0.25,OPEN,-96.546,65.742,-0.961
4.81,0.2204,MEDIUM,0.25,OPEN,-96.529,65.722,-0.965
4.81,0.2204,MEDIUM,0.25,OPEN,-96.529,65.722,-0.965
4.82,0.2228,MEDIUM,0.25,OPEN,-96.512,65.701,-0.97
4.82,0.2228,MEDIUM,0.25,OPEN,-96.512,65.701,-0.97
4.83,0.2262,MEDIUM,0.25,OPEN,-96.495,65.68,-0.975
4.83,0.2262,MEDIUM,0.25,OPEN,-96.495,65.68,-0.975
4.84,0.2281,MEDIUM,0.25,OPEN,-96.478,65.659,-0.979
4.84,0.2281,MEDIUM,0.25,OPEN,-96.478,65.659,-0.979
4.85,0.228,MEDIUM,0.25,OPEN,-96.462,65.639,-0.984
4.85,0.228,MEDIUM,0.25,OPEN,-96.462,65.639,-0.984
4.86,0.2263,MEDIUM,0.25,OPEN,-96.445,65.618,-0.989
4.86,0.2263,MEDIUM,0.25,OPEN,-96.445,65.618,-0.989
4.87,0.2263,MEDIUM,0.25,OPEN,-96.428,65.597,-0.993
4.87,0.2263,MEDIUM,0.25,OPEN,-96.428,65.597,-0.993
4.88,0.223,MEDIUM,0.25,OPEN,-96.411,65.576,-0.998
4.88,0.223,MEDIUM,0.25,OPEN,-96.411,65.576,-0.998
4.89,0.2208,MEDIUM,0.25,OPEN,-96.394,65.556,-1.003
4.89,0.2208,MEDIUM,0.25,OPEN,-96.394,65.556,-1.003
4.9,0.2208,MEDIUM,0.25,OPEN,-96.377,65.535,-1.007
4.9,0.2208,MEDIUM,0.25,OPEN,-96.377,65.535,-1.007
4.91,0.2206,MEDIUM,0.25,OPEN,-96.36,65.514,-1.012
4.91,0.2206,MEDIUM,0.25,OPEN,-96.36,65.514,-1.012
4.92,0.2176,MEDIUM,0.25,OPEN,-96.344,65.493,-1.016
4.92,0.2176,MEDIUM,0.25,OPEN,-96.344,65.493,-1.016
4.93,0.2125,MEDIUM,0.25,OPEN,-96.327,65.473,-1.021
4.93,0.2125,MEDIUM,0.25,OPEN,-96.327,65.473,-1.021
4.94,0.2085,MEDIUM,0.25,OPEN,-96.31,65.452,-1.026
4.94,0.2085,MEDIUM,0.25,OPEN,-96.31,65.452,-1.026
4.95,0.2085,MEDIUM,0.25,OPEN,-96.293,65.431,-1.03
4.95,0.2085,MEDIUM,0.25,OPEN,-96.293,65.431,-1.03
4.96,0.2125,MEDIUM,0.25,OPEN,-96.276,65.41,-1.035
4.96,0.2125,MEDIUM,0.25,OPEN,-96.276,65.41,-1.035
4.97,0.2128,MEDIUM,0.25,OPEN,-96.259,65.39,-1.04
4.97,0.2128,MEDIUM,0.25,OPEN,-96.259,65.39,-1.04
4.98,0.2126,MEDIUM,0.25,OPEN,-96.242,65.369,-1.044
4.98,0.2126,MEDIUM,0.25,OPEN,-96.242,65.369,-1.044
4.99,0.2126,MEDIUM,0.25,OPEN,-96.226,65.348,-1.049
4.99,0.2126,MEDIUM,0.25,OPEN,-96.226,65.348,-1.049
5.0,0.213,MEDIUM,0.25,OPEN,-96.209,65.328,-1.054
5.0,0.213,MEDIUM,0.25,OPEN,-96.209,65.328,-1.054
5.01,0.1957,MEDIUM,0.25,OPEN,-96.192,65.307,-1.058
5.01,0.1957,MEDIUM,0.25,OPEN,-96.192,65.307,-1.058
5.02,0.1871,MEDIUM,0.25,OPEN,-96.175,65.286,-1.063
5.02,0.1871,MEDIUM,0.25,OPEN,-96.175,65.286,-1.063
5.03,0.1823,MEDIUM,0.25,OPEN,-96.158,65.265,-1.068
5.03,0.1823,MEDIUM,0.25,OPEN,-96.158,65.265,-1.068
5.04,0.1604,MEDIUM,0.25,OPEN,-96.141,65.245,-1.072
5.04,0.1604,MEDIUM,0.25,OPEN,-96.141,65.245,-1.072
5.05,0.1604,MEDIUM,0.25,OPEN,-96.124,65.224,-1.077
5.05,0.1604,MEDIUM,0.25,OPEN,-96.124,65.224,-1.077
5.06,0.1273,MEDIUM,0.25,OPEN,-96.108,65.203,-1.082
5.06,0.1273,MEDIUM,0.25,OPEN,-96.108,65.203,-1.082
5.07,0.1157,LOW,0.0,OPEN,-96.091,65.182,-1.086
5.07,0.1157,LOW,0.0,OPEN,-96.091,65.182,-1.086
5.08,0.1046,LOW,0.0,OPEN,-96.074,65.162,-1.091
5.08,0.1046,LOW,0.0,OPEN,-96.074,65.162,-1.091
5.09,0.0509,LOW,0.0,OPEN,-96.057,65.141,-1.096
5.09,0.0509,LOW,0.0,OPEN,-96.057,65.141,-1.096
5.1,0.049,LOW,0.0,OPEN,-96.04,65.12,-1.1
5.1,0.049,LOW,0.0,OPEN,-96.04,65.12,-1.1
5.11,0.0465,LOW,0.0,OPEN,-96.023,65.099,-1.105
5.11,0.0465,LOW,0.0,OPEN,-96.023,65.099,-1.105
5.12,0.0492,LOW,0.0,OPEN,-96.006,65.079,-1.109
5.12,0.0492,LOW,0.0,OPEN,-96.006,65.079,-1.109
5.13,0.0445,LOW,0.0,OPEN,-95.99,65.058,-1.114
5.13,0.0445,LOW,0.0,OPEN,-95.99,65.058,-1.114
5.14,0.0429,LOW,0.0,OPEN,-95.973,65.037,-1.119
5.14,0.0429,LOW,0.0,OPEN,-95.973,65.037,-1.119
5.15,0.0426,LOW,0.0,OPEN,-95.956,65.016,-1.123
5.15,0.0426,LOW,0.0,OPEN,-95.956,65.016,-1.123
5.16,0.0421,LOW,0.0,OPEN,-95.939,64.996,-1.128
5.16,0.0421,LOW,0.0,OPEN,-95.939,64.996,-1.128
5.17,0.0404,LOW,0.0,OPEN,-95.922,64.975,-1.133
5.17,0.0404,LOW,0.0,OPEN,-95.922,64.975,-1.133
5.18,0.0436,LOW,0.0,OPEN,-95.905,64.954,-1.137
5.18,0.0436,LOW,0.0,OPEN,-95.905,64.954,-1.137
5.19,0.0456,LOW,0.0,OPEN,-95.889,64.933,-1.142
5.19,0.0456,LOW,0.0,OPEN,-95.889,64.933,-1.142
5.2,0.0457,LOW,0.0,OPEN,-95.872,64.913,-1.147
5.2,0.0457,LOW,0.0,OPEN,-95.872,64.913,-1.147
5.21,0.0507,LOW,0.0,OPEN,-95.855,64.892,-1.151
5.21,0.0507,LOW,0.0,OPEN,-95.855,64.892,-1.151
5.22,0.0493,LOW,0.0,OPEN,-95.838,64.871,-1.156
5.22,0.0493,LOW,0.0,OPEN,-95.838,64.871,-1.156
5.23,0.0471,LOW,0.0,OPEN,-95.821,64.85,-1.161
5.23,0.0471,LOW,0.0,OPEN,-95.821,64.85,-1.161
5.24,0.0491,LOW,0.0,OPEN,-95.804,64.83,-1.165
5.24,0.0491,LOW,0.0,OPEN,-95.804,64.83,-1.165
5.25,0.0492,LOW,0.0,OPEN,-95.787,64.809,-1.17
5.25,0.0492,LOW,0.0,OPEN,-95.787,64.809,-1.17
5.26,0.0479,LOW,0.0,OPEN,-95.771,64.788,-1.175
5.26,0.0479,LOW,0.0,OPEN,-95.771,64.788,-1.175
5.27,0.0495,LOW,0.0,OPEN,-95.754,64.768,-1.179
5.27,0.0495,LOW,0.0,OPEN,-95.754,64.768,-1.179
5.28,0.0498,LOW,0.0,OPEN,-95.737,64.747,-1.184
5.28,0.0498,LOW,0.0,OPEN,-95.737,64.747,-1.184
5.29,0.0568,LOW,0.0,OPEN,-95.72,64.726,-1.189
5.29,0.0568,LOW,0.0,OPEN,-95.72,64.726,-1.189
5.3,0.0601,LOW,0.0,OPEN,-95.703,64.705,-1.193
5.3,0.0601,LOW,0.0,OPEN,-95.703,64.705,-1.193
5.31,0.0589,LOW,0.0,OPEN,-95.686,64.685,-1.198
5.31,0.0589,LOW,0.0,OPEN,-95.686,64.685,-1.198
5.32,0.0612,LOW,0.0,OPEN,-95.669,64.664,-1.203
5.32,0.0612,LOW,0.0,OPEN,-95.669,64.664,-1.203
5.33,0.0609,LOW,0.0,OPEN,-95.653,64.643,-1.207
5.33,0.0609,LOW,0.0,OPEN,-95.653,64.643,-1.207
5.34,0.0632,LOW,0.0,OPEN,-95.636,64.622,-1.212
5.34,0.0632,LOW,0.0,OPEN,-95.636,64.622,-1.212
5.35,0.0634,LOW,0.0,OPEN,-95.619,64.602,-1.216
5.35,0.0634,LOW,0.0,OPEN,-95.619,64.602,-1.216
5.36,0.0654,LOW,0.0,OPEN,-95.602,64.581,-1.221
5.36,0.0654,LOW,0.0,OPEN,-95.602,64.581,-1.221
5.37,0.0643,LOW,0.0,OPEN,-95.585,64.56,-1.226
5.37,0.0643,LOW,0.0,OPEN,-95.585,64.56,-1.226
5.38,0.0626,LOW,0.0,OPEN,-95.568,64.539,-1.23
5.38,0.0626,LOW,0.0,OPEN,-95.568,64.539,-1.23
5.39,0.0573,LOW,0.0,OPEN,-95.551,64.519,-1.235
5.39,0.0573,LOW,0.0,OPEN,-95.551,64.519,-1.235
5.4,0.0541,LOW,0.0,OPEN,-95.535,64.498,-1.24
5.4,0.0541,LOW,0.0,OPEN,-95.535,64.498,-1.24
5.41,0.0491,LOW,0.0,OPEN,-95.518,64.477,-1.244
5.41,0.0491,LOW,0.0,OPEN,-95.518,64.477,-1.244
5.42,0.0468,LOW,0.0,OPEN,-95.501,64.456,-1.249
5.42,0.0468,LOW,0.0,OPEN,-95.501,64.456,-1.249
5.43,0.0496,LOW,0.0,OPEN,-95.484,64.436,-1.254
5.43,0.0496,LOW,0.0,OPEN,-95.484,64.436,-1.254
5.44,0.0455,LOW,0.0,OPEN,-95.467,64.415,-1.258
5.44,0.0455,LOW,0.0,OPEN,-95.467,64.415,-1.258
5.45,0.0455,LOW,0.0,OPEN,-95.45,64.394,-1.263
5.45,0.0455,LOW,0.0,OPEN,-95.45,64.394,-1.263
5.46,0.0511,LOW,0.0,OPEN,-95.433,64.373,-1.268
5.46,0.0511,LOW,0.0,OPEN,-95.433,64.373,-1.268
5.47,0.0524,LOW,0.0,OPEN,-95.417,64.353,-1.272
5.47,0.0524,LOW,0.0,OPEN,-95.417,64.353,-1.272
5.48,0.0522,LOW,0.0,OPEN,-95.4,64.332,-1.277
5.48,0.0522,LOW,0.0,OPEN,-95.4,64.332,-1.277
5.49,0.0589,LOW,0.0,OPEN,-95.383,64.311,-1.282
5.49,0.0589,LOW,0.0,OPEN,-95.383,64.311,-1.282
5.5,0.0607,LOW,0.0,OPEN,-95.366,64.29,-1.286
5.5,0.0607,LOW,0.0,OPEN,-95.366,64.29,-1.286
5.51,0.0614,LOW,0.0,OPEN,-95.349,64.27,-1.291
5.51,0.0614,LOW,0.0,OPEN,-95.349,64.27,-1.291
5.52,0.0616,LOW,0.0,OPEN,-95.332,64.249,-1.296
5.52,0.0616,LOW,0.0,OPEN,-95.332,64.249,-1.296
5.53,0.0606,LOW,0.0,OPEN,-95.316,64.228,-1.3
5.53,0.0606,LOW,0.0,OPEN,-95.316,64.228,-1.3
5.54,0.0593,LOW,0.0,OPEN,-95.299,64.208,-1.305
5.54,0.0593,LOW,0.0,OPEN,-95.299,64.208,-1.305
5.55,0.0599,LOW,0.0,OPEN,-95.282,64.187,-1.309
5.55,0.0599,LOW,0.0,OPEN,-95.282,64.187,-1.309
5.56,0.0569,LOW,0.0,OPEN,-95.265,64.166,-1.314
5.56,0.0569,LOW,0.0,OPEN,-95.265,64.166,-1.314
5.57,0.0598,LOW,0.0,OPEN,-95.248,64.145,-1.319
5.57,0.0598,LOW,0.0,OPEN,-95.248,64.145,-1.319
5.58,0.0626,LOW,0.0,OPEN,-95.231,64.125,-1.323
5.58,0.0626,LOW,0.0,OPEN,-95.231,64.125,-1.323
5.59,0.0559,LOW,0.0,OPEN,-95.214,64.104,-1.328
5.59,0.0559,LOW,0.0,OPEN,-95.214,64.104,-1.328
5.6,0.0538,LOW,0.0,OPEN,-95.198,64.083,-1.333
5.6,0.0538,LOW,0.0,OPEN,-95.198,64.083,-1.333
5.61,0.0573,LOW,0.0,OPEN,-95.181,64.062,-1.337
5.61,0.0573,LOW,0.0,OPEN,-95.181,64.062,-1.337
5.62,0.0561,LOW,0.0,OPEN,-95.164,64.042,-1.342
5.62,0.0561,LOW,0.0,OPEN,-95.164,64.042,-1.342
5.63,0.0569,LOW,0.0,OPEN,-95.147,64.021,-1.347
5.63,0.0569,LOW,0.0,OPEN,-95.147,64.021,-1.347
5.64,0.0563,LOW,0.0,OPEN,-95.13,64.0,-1.351
5.64,0.0563,LOW,0.0,OPEN,-95.13,64.0,-1.351
5.65,0.0553,LOW,0.0,OPEN,-95.113,63.979,-1.356
5.65,0.0553,LOW,0.0,OPEN,-95.113,63.979,-1.356
5.66,0.0565,LOW,0.0,OPEN,-95.096,63.959,-1.361
5.66,0.0565,LOW,0.0,OPEN,-95.096,63.959,-1.361
5.67,0.0553,LOW,0.0,OPEN,-95.08,63.938,-1.365
5.67,0.0553,LOW,0.0,OPEN,-95.08,63.938,-1.365
5.68,0.0537,LOW,0.0,OPEN,-95.063,63.917,-1.37
5.68,0.0537,LOW,0.0,OPEN,-95.063,63.917,-1.37
5.69,0.059,LOW,0.0,OPEN,-95.046,63.896,-1.375
5.69,0.059,LOW,0.0,OPEN,-95.046,63.896,-1.375
5.7,0.0588,LOW,0.0,OPEN,-95.029,63.876,-1.379
5.7,0.0588,LOW,0.0,OPEN,-95.029,63.876,-1.379
5.71,0.0573,LOW,0.0,OPEN,-95.012,63.855,-1.384
5.71,0.0573,LOW,0.0,OPEN,-95.012,63.855,-1.384
5.72,0.0575,LOW,0.0,OPEN,-94.995,63.834,-1.389
5.72,0.0575,LOW,0.0,OPEN,-94.995,63.834,-1.389
5.73,0.0605,LOW,0.0,OPEN,-94.978,63.813,-1.393
5.73,0.0605,LOW,0.0,OPEN,-94.978,63.813,-1.393
5.74,0.0626,LOW,0.0,OPEN,-94.962,63.793,-1.398
5.74,0.0626,LOW,0.0,OPEN,-94.962,63.793,-1.398
5.75,0.0626,LOW,0.0,OPEN,-94.945,63.772,-1.403
5.75,0.0626,LOW,0.0,OPEN,-94.945,63.772,-1.403
5.76,0.0616,LOW,0.0,OPEN,-94.928,63.751,-1.407
5.76,0.0616,LOW,0.0,OPEN,-94.928,63.751,-1.407
5.77,0.0622,LOW,0.0,OPEN,-94.911,63.73,-1.412
5.77,0.0622,LOW,0.0,OPEN,-94.911,63.73,-1.412
5.78,0.0599,LOW,0.0,OPEN,-94.894,63.71,-1.416
5.78,0.0599,LOW,0.0,OPEN,-94.894,63.71,-1.416
5.79,0.0548,LOW,0.0,OPEN,-94.877,63.689,-1.421
5.79,0.0548,LOW,0.0,OPEN,-94.877,63.689,-1.421
5.8,0.0548,LOW,0.0,OPEN,-94.86,63.668,-1.426
5.8,0.0548,LOW,0.0,OPEN,-94.86,63.668,-1.426
5.81,0.0621,LOW,0.0,OPEN,-94.844,63.648,-1.43
5.81,0.0621,LOW,0.0,OPEN,-94.844,63.648,-1.43
5.82,0.0643,LOW,0.0,OPEN,-94.827,63.627,-1.435
5.82,0.0643,LOW,0.0,OPEN,-94.827,63.627,-1.435
5.83,0.064,LOW,0.0,OPEN,-94.81,63.606,-1.44
5.83,0.064,LOW,0.0,OPEN,-94.81,63.606,-1.44
5.84,0.065,LOW,0.0,OPEN,-94.793,63.585,-1.444
5.84,0.065,LOW,0.0,OPEN,-94.793,63.585,-1.444
5.85,0.065,LOW,0.0,OPEN,-94.776,63.565,-1.449
5.85,0.065,LOW,0.0,OPEN,-94.776,63.565,-1.449
5.86,0.0624,LOW,0.0,OPEN,-94.759,63.544,-1.454
5.86,0.0624,LOW,0.0,OPEN,-94.759,63.544,-1.454
5.87,0.0623,LOW,0.0,OPEN,-94.742,63.523,-1.458
5.87,0.0623,LOW,0.0,OPEN,-94.742,63.523,-1.458
5.88,0.0644,LOW,0.0,OPEN,-94.726,63.502,-1.463
5.88,0.0644,LOW,0.0,OPEN,-94.726,63.502,-1.463
5.89,0.0652,LOW,0.0,OPEN,-94.709,63.482,-1.468
5.89,0.0652,LOW,0.0,OPEN,-94.709,63.482,-1.468
5.9,0.0653,LOW,0.0,OPEN,-94.692,63.461,-1.472
5.9,0.0653,LOW,0.0,OPEN,-94.692,63.461,-1.472
5.91,0.0596,LOW,0.0,OPEN,-94.675,63.44,-1.477
5.91,0.0596,LOW,0.0,OPEN,-94.675,63.44,-1.477
5.92,0.0591,LOW,0.0,OPEN,-94.658,63.419,-1.482
5.92,0.0591,LOW,0.0,OPEN,-94.658,63.419,-1.482
5.93,0.0549,LOW,0.0,OPEN,-94.641,63.399,-1.486
5.93,0.0549,LOW,0.0,OPEN,-94.641,63.399,-1.486
5.94,0.0559,LOW,0.0,OPEN,-94.625,63.378,-1.491
5.94,0.0559,LOW,0.0,OPEN,-94.625,63.378,-1.491
5.95,0.0563,LOW,0.0,OPEN,-94.608,63.357,-1.496
5.95,0.0563,LOW,0.0,OPEN,-94.608,63.357,-1.496
5.96,0.0591,LOW,0.0,OPEN,-94.591,63.336,-1.5
5.96,0.0591,LOW,0.0,OPEN,-94.591,63.336,-1.5
5.97,0.0581,LOW,0.0,OPEN,-94.574,63.316,-1.505
5.97,0.0581,LOW,0.0,OPEN,-94.574,63.316,-1.505
5.98,0.057,LOW,0.0,OPEN,-94.557,63.295,-1.509
5.98,0.057,LOW,0.0,OPEN,-94.557,63.295,-1.509
5.99,0.0624,LOW,0.0,OPEN,-94.54,63.274,-1.514
5.99,0.0624,LOW,0.0,OPEN,-94.54,63.274,-1.514
6.0,0.0632,LOW,0.0,OPEN,-94.523,63.253,-1.519
6.0,0.0632,LOW,0.0,OPEN,-94.523,63.253,-1.519
6.01,0.0642,LOW,0.0,OPEN,-94.507,63.233,-1.523
6.01,0.0642,LOW,0.0,OPEN,-94.507,63.233,-1.523
6.02,0.0632,LOW,0.0,OPEN,-94.49,63.212,-1.528
6.02,0.0632,LOW,0.0,OPEN,-94.49,63.212,-1.528
6.03,0.0643,LOW,0.0,OPEN,-94.473,63.191,-1.533
6.03,0.0643,LOW,0.0,OPEN,-94.473,63.191,-1.533
6.04,0.0616,LOW,0.0,OPEN,-94.456,63.17,-1.537
6.04,0.0616,LOW,0.0,OPEN,-94.456,63.17,-1.537
6.05,0.0616,LOW,0.0,OPEN,-94.439,63.15,-1.542
6.05,0.0616,LOW,0.0,OPEN,-94.439,63.15,-1.542
6.06,0.0564,LOW,0.0,OPEN,-94.422,63.129,-1.547
6.06,0.0564,LOW,0.0,OPEN,-94.422,63.129,-1.547
6.07,0.055,LOW,0.0,OPEN,-94.405,63.108,-1.551
6.07,0.055,LOW,0.0,OPEN,-94.405,63.108,-1.551
6.08,0.0562,LOW,0.0,OPEN,-94.389,63.088,-1.556
6.08,0.0562,LOW,0.0,OPEN,-94.389,63.088,-1.556
6.09,0.0477,LOW,0.0,OPEN,-94.372,63.067,-1.561
6.09,0.0477,LOW,0.0,OPEN,-94.372,63.067,-1.561
6.1,0.0529,LOW,0.0,OPEN,-94.355,63.046,-1.565
6.1,0.0529,LOW,0.0,OPEN,-94.355,63.046,-1.565
6.11,0.0551,LOW,0.0,OPEN,-94.338,63.025,-1.57
6.11,0.0551,LOW,0.0,OPEN,-94.338,63.025,-1.57
6.12,0.0551,LOW,0.0,OPEN,-94.321,63.005,-1.575
6.12,0.0551,LOW,0.0,OPEN,-94.321,63.005,-1.575
6.13,0.0552,LOW,0.0,OPEN,-94.304,62.984,-1.579
6.13,0.0552,LOW,0.0,OPEN,-94.304,62.984,-1.579
6.14,0.0549,LOW,0.0,OPEN,-94.287,62.963,-1.584
6.14,0.0549,LOW,0.0,OPEN,-94.287,62.963,-1.584
6.15,0.055,LOW,0.0,OPEN,-94.271,62.942,-1.589
6.15,0.055,LOW,0.0,OPEN,-94.271,62.942,-1.589
6.16,0.0577,LOW,0.0,OPEN,-94.254,62.922,-1.593
6.16,0.0577,LOW,0.0,OPEN,-94.254,62.922,-1.593
6.17,0.0569,LOW,0.0,OPEN,-94.237,62.901,-1.598
6.17,0.0569,LOW,0.0,OPEN,-94.237,62.901,-1.598
6.18,0.0569,LOW,0.0,OPEN,-94.22,62.88,-1.603
6.18,0.0569,LOW,0.0,OPEN,-94.22,62.88,-1.603
6.19,0.06,LOW,0.0,OPEN,-94.203,62.859,-1.607
6.19,0.06,LOW,0.0,OPEN,-94.203,62.859,-1.607
6.2,0.0546,LOW,0.0,OPEN,-94.186,62.839,-1.612
6.2,0.0546,LOW,0.0,OPEN,-94.186,62.839,-1.612
6.21,0.0542,LOW,0.0,OPEN,-94.169,62.818,-1.616
6.21,0.0542,LOW,0.0,OPEN,-94.169,62.818,-1.616
6.22,0.055,LOW,0.0,OPEN,-94.153,62.797,-1.621
6.22,0.055,LOW,0.0,OPEN,-94.153,62.797,-1.621
6.23,0.0537,LOW,0.0,OPEN,-94.136,62.776,-1.626
6.23,0.0537,LOW,0.0,OPEN,-94.136,62.776,-1.626
6.24,0.0545,LOW,0.0,OPEN,-94.119,62.756,-1.63
6.24,0.0545,LOW,0.0,OPEN,-94.119,62.756,-1.63
6.25,0.054,LOW,0.0,OPEN,-94.102,62.735,-1.635
6.25,0.054,LOW,0.0,OPEN,-94.102,62.735,-1.635
6.26,0.0563,LOW,0.0,OPEN,-94.085,62.714,-1.64
6.26,0.0563,LOW,0.0,OPEN,-94.085,62.714,-1.64
6.27,0.0591,LOW,0.0,OPEN,-94.068,62.693,-1.644
6.27,0.0591,LOW,0.0,OPEN,-94.068,62.693,-1.644
6.28,0.0579,LOW,0.0,OPEN,-94.052,62.673,-1.649
6.28,0.0579,LOW,0.0,OPEN,-94.052,62.673,-1.649
6.29,0.0578,LOW,0.0,OPEN,-94.035,62.652,-1.654
6.29,0.0578,LOW,0.0,OPEN,-94.035,62.652,-1.654
6.3,0.0585,LOW,0.0,OPEN,-94.018,62.631,-1.658
6.3,0.0585,LOW,0.0,OPEN,-94.018,62.631,-1.658
6.31,0.0566,LOW,0.0,OPEN,-94.001,62.61,-1.663
6.31,0.0566,LOW,0.0,OPEN,-94.001,62.61,-1.663
6.32,0.0577,LOW,0.0,OPEN,-93.984,62.59,-1.668
6.32,0.0577,LOW,0.0,OPEN,-93.984,62.59,-1.668
6.33,0.0587,LOW,0.0,OPEN,-93.967,62.569,-1.672
6.33,0.0587,LOW,0.0,OPEN,-93.967,62.569,-1.672
6.34,0.063,LOW,0.0,OPEN,-93.95,62.548,-1.677
6.34,0.063,LOW,0.0,OPEN,-93.95,62.548,-1.677
6.35,0.0641,LOW,0.0,OPEN,-93.934,62.528,-1.682
6.35,0.0641,LOW,0.0,OPEN,-93.934,62.528,-1.682
6.36,0.0629,LOW,0.0,OPEN,-93.917,62.507,-1.686
6.36,0.0629,LOW,0.0,OPEN,-93.917,62.507,-1.686
6.37,0.0618,LOW,0.0,OPEN,-93.9,62.486,-1.691
6.37,0.0618,LOW,0.0,OPEN,-93.9,62.486,-1.691
6.38,0.0618,LOW,0.0,OPEN,-93.883,62.465,-1.696
6.38,0.0618,LOW,0.0,OPEN,-93.883,62.465,-1.696
6.39,0.0576,LOW,0.0,OPEN,-93.866,62.445,-1.7
6.39,0.0576,LOW,0.0,OPEN,-93.866,62.445,-1.7
6.4,0.0569,LOW,0.0,OPEN,-93.849,62.424,-1.705
6.4,0.0569,LOW,0.0,OPEN,-93.849,62.424,-1.705
6.41,0.0547,LOW,0.0,OPEN,-93.832,62.403,-1.709
6.41,0.0547,LOW,0.0,OPEN,-93.832,62.403,-1.709
6.42,0.058,LOW,0.0,OPEN,-93.816,62.382,-1.714
6.42,0.058,LOW,0.0,OPEN,-93.816,62.382,-1.714
6.43,0.0599,LOW,0.0,OPEN,-93.799,62.362,-1.719
6.43,0.0599,LOW,0.0,OPEN,-93.799,62.362,-1.719
6.44,0.0569,LOW,0.0,OPEN,-93.782,62.341,-1.723
6.44,0.0569,LOW,0.0,OPEN,-93.782,62.341,-1.723
6.45,0.0559,LOW,0.0,OPEN,-93.765,62.32,-1.728
6.45,0.0559,LOW,0.0,OPEN,-93.765,62.32,-1.728
6.46,0.0593,LOW,0.0,OPEN,-93.748,62.299,-1.733
6.46,0.0593,LOW,0.0,OPEN,-93.748,62.299,-1.733
6.47,0.0589,LOW,0.0,OPEN,-93.731,62.279,-1.737
6.47,0.0589,LOW,0.0,OPEN,-93.731,62.279,-1.737
6.48,0.0602,LOW,0.0,OPEN,-93.714,62.258,-1.742
6.48,0.0602,LOW,0.0,OPEN,-93.714,62.258,-1.742
6.49,0.0646,LOW,0.0,OPEN,-93.698,62.237,-1.747
6.49,0.0646,LOW,0.0,OPEN,-93.698,62.237,-1.747
6.5,0.0645,LOW,0.0,OPEN,-93.681,62.216,-1.751
6.5,0.0645,LOW,0.0,OPEN,-93.681,62.216,-1.751
6.51,0.2712,MEDIUM,0.25,OPEN,-93.664,62.196,-1.756
6.51,0.2712,MEDIUM,0.25,OPEN,-93.664,62.196,-1.756
6.52,0.3231,MEDIUM,0.25,OPEN,-93.647,62.175,-1.761
6.52,0.3231,MEDIUM,0.25,OPEN,-93.647,62.175,-1.761
6.53,0.3661,MEDIUM,0.25,OPEN,-93.63,62.154,-1.765
6.53,0.3661,MEDIUM,0.25,OPEN,-93.63,62.154,-1.765
6.54,0.4579,MEDIUM,0.25,OPEN,-93.613,62.133,-1.77
6.54,0.4579,MEDIUM,0.25,OPEN,-93.613,62.133,-1.77
6.55,0.4578,MEDIUM,0.25,OPEN,-93.596,62.113,-1.775
6.55,0.4578,MEDIUM,0.25,OPEN,-93.596,62.113,-1.775
6.56,0.5344,MEDIUM,0.25,OPEN,-93.58,62.092,-1.779
6.56,0.5344,MEDIUM,0.25,OPEN,-93.58,62.092,-1.779
6.57,0.5601,HIGH,0.4,GRASPING,-93.563,62.071,-1.784
6.57,0.5601,HIGH,0.4,GRASPING,-93.563,62.071,-1.784
6.58,0.5849,HIGH,0.4,GRASPING,-93.546,62.05,-1.789
6.58,0.5849,HIGH,0.4,GRASPING,-93.546,62.05,-1.789
6.59,0.6398,HIGH,0.4,GRASPING,-93.529,62.03,-1.793
6.59,0.6398,HIGH,0.4,GRASPING,-93.529,62.03,-1.793
6.6,0.6398,HIGH,0.4,GRASPING,-93.512,62.009,-1.798
6.6,0.6398,HIGH,0.4,GRASPING,-93.512,62.009,-1.798
6.61,0.6417,HIGH,0.4,GRASPING,-93.495,61.988,-1.803
6.61,0.6417,HIGH,0.4,GRASPING,-93.495,61.988,-1.803
6.62,0.6389,HIGH,0.4,GRASPING,-93.479,61.968,-1.807
6.62,0.6389,HIGH,0.4,GRASPING,-93.479,61.968,-1.807
6.63,0.6386,HIGH,0.4,GRASPING,-93.462,61.947,-1.812
6.63,0.6386,HIGH,0.4,GRASPING,-93.462,61.947,-1.812
6.64,0.6403,HIGH,0.4,GRASPING,-93.445,61.927,-1.816
6.64,0.6403,HIGH,0.4,GRASPING,-93.445,61.927,-1.816
6.65,0.6404,HIGH,0.4,GRASPING,-93.431,61.912,-1.822
6.65,0.6404,HIGH,0.4,GRASPING,-93.431,61.912,-1.822
6.66,0.6375,HIGH,0.4,GRASPING,-93.417,61.898,-1.827
6.66,0.6375,HIGH,0.4,GRASPING,-93.417,61.898,-1.827
6.67,0.6383,HIGH,0.4,GRASPING,-93.403,61.883,-1.832
6.67,0.6383,HIGH,0.4,GRASPING,-93.403,61.883,-1.832
6.68,0.6377,HIGH,0.4,GRASPING,-93.389,61.869,-1.837
6.68,0.6377,HIGH,0.4,GRASPING,-93.389,61.869,-1.837
6.69,0.6391,HIGH,0.4,GRASPING,-93.374,61.853,-1.841
6.69,0.6391,HIGH,0.4,GRASPING,-93.374,61.853,-1.841
6.7,0.6391,HIGH,0.4,GRASPING,-93.25,61.675,-1.712
6.7,0.6391,HIGH,0.4,GRASPING,-93.25,61.675,-1.712
6.71,0.6416,HIGH,0.4,GRASPING,-93.126,61.498,-1.584
6.71,0.6416,HIGH,0.4,GRASPING,-93.126,61.498,-1.584
6.72,0.6396,HIGH,0.4,GRASPING,-93.002,61.321,-1.456
6.72,0.6396,HIGH,0.4,GRASPING,-93.002,61.321,-1.456
6.73,0.6378,HIGH,0.4,GRASPING,-92.788,61.314,-1.387
6.73,0.6378,HIGH,0.4,GRASPING,-92.788,61.314,-1.387
6.74,0.6361,HIGH,0.4,GRASPING,-92.553,61.364,-1.26
6.74,0.6361,HIGH,0.4,GRASPING,-92.553,61.364,-1.26
6.75,0.636,HIGH,0.4,GRASPING,-92.31,61.48,-1.116
6.75,0.636,HIGH,0.4,GRASPING,-92.31,61.48,-1.116
6.76,0.6347,HIGH,0.4,GRASPING,-92.068,61.596,-0.972
6.76,0.6347,HIGH,0.4,GRASPING,-92.068,61.596,-0.972
6.77,0.6351,HIGH,0.4,GRASPING,-91.749,61.668,-0.942
6.77,0.6351,HIGH,0.4,GRASPING,-91.749,61.668,-0.942
6.78,0.6335,HIGH,0.4,GRASPING,-91.463,61.643,-0.905
6.78,0.6335,HIGH,0.4,GRASPING,-91.463,61.643,-0.905
6.79,0.6296,HIGH,0.4,GRASPING,-91.241,61.608,-0.935
6.79,0.6296,HIGH,0.4,GRASPING,-91.241,61.608,-0.935
6.8,0.6296,HIGH,0.4,GRASPING,-90.952,61.664,-0.982
6.8,0.6296,HIGH,0.4,GRASPING,-90.952,61.664,-0.982
6.81,0.6281,HIGH,0.4,GRASPING,-90.635,61.619,-0.985
6.81,0.6281,HIGH,0.4,GRASPING,-90.635,61.619,-0.985
6.82,0.63,HIGH,0.4,GRASPING,-90.295,61.602,-0.943
6.82,0.63,HIGH,0.4,GRASPING,-90.295,61.602,-0.943
6.83,0.6331,HIGH,0.4,GRASPING,-89.932,61.604,-0.856
6.83,0.6331,HIGH,0.4,GRASPING,-89.932,61.604,-0.856
6.84,0.6302,HIGH,0.4,GRASPING,-89.537,61.609,-0.726
6.84,0.6302,HIGH,0.4,GRASPING,-89.537,61.609,-0.726
6.85,0.6302,HIGH,0.4,GRASPING,-89.13,61.626,-0.594
6.85,0.6302,HIGH,0.4,GRASPING,-89.13,61.626,-0.594
6.86,0.6265,HIGH,0.4,GRASPING,-88.732,61.635,-0.47
6.86,0.6265,HIGH,0.4,GRASPING,-88.732,61.635,-0.47
6.87,0.622,HIGH,0.4,GRASPING,-88.361,61.645,-0.358
6.87,0.622,HIGH,0.4,GRASPING,-88.361,61.645,-0.358
6.88,0.626,HIGH,0.4,GRASPING,-88.001,61.652,-0.219
6.88,0.626,HIGH,0.4,GRASPING,-88.001,61.652,-0.219
6.89,0.6306,HIGH,0.4,GRASPING,-87.652,61.669,-0.092
6.89,0.6306,HIGH,0.4,GRASPING,-87.652,61.669,-0.092
6.9,0.6306,HIGH,0.4,GRASPING,-87.421,61.687,-0.007
6.9,0.6306,HIGH,0.4,GRASPING,-87.421,61.687,-0.007
6.91,0.6336,HIGH,0.4,GRASPING,-87.131,61.731,0.072
6.91,0.6336,HIGH,0.4,GRASPING,-87.131,61.731,0.072
6.92,0.634,HIGH,0.4,GRASPING,-86.919,61.737,0.092
6.92,0.634,HIGH,0.4,GRASPING,-86.919,61.737,0.092
6.93,0.6286,HIGH,0.4,GRASPING,-86.709,61.746,0.104
6.93,0.6286,HIGH,0.4,GRASPING,-86.709,61.746,0.104
6.94,0.6297,HIGH,0.4,GRASPING,-86.509,61.752,0.114
6.94,0.6297,HIGH,0.4,GRASPING,-86.509,61.752,0.114
6.95,0.6297,HIGH,0.4,GRASPING,-86.318,61.758,0.123
6.95,0.6297,HIGH,0.4,GRASPING,-86.318,61.758,0.123
6.96,0.6301,HIGH,0.4,GRASPING,-86.132,61.761,0.137
6.96,0.6301,HIGH,0.4,GRASPING,-86.132,61.761,0.137
6.97,0.6346,HIGH,0.4,GRASPING,-85.953,61.765,0.153
6.97,0.6346,HIGH,0.4,GRASPING,-85.953,61.765,0.153
6.98,0.6314,HIGH,0.4,GRASPING,-85.782,61.767,0.17
6.98,0.6314,HIGH,0.4,GRASPING,-85.782,61.767,0.17
6.99,0.6355,HIGH,0.4,GRASPING,-85.618,61.77,0.188
6.99,0.6355,HIGH,0.4,GRASPING,-85.618,61.77,0.188
7.0,0.6355,HIGH,0.4,GRASPING,-85.458,61.771,0.203
7.0,0.6355,HIGH,0.4,GRASPING,-85.458,61.771,0.203
7.01,0.6361,HIGH,0.4,GRASPING,-85.313,61.78,0.227
7.01,0.6361,HIGH,0.4,GRASPING,-85.313,61.78,0.227
7.02,0.6375,HIGH,0.4,GRASPING,-85.17,61.782,0.257
7.02,0.6375,HIGH,0.4,GRASPING,-85.17,61.782,0.257
7.03,0.6386,HIGH,0.4,GRASPING,-85.031,61.782,0.284
7.03,0.6386,HIGH,0.4,GRASPING,-85.031,61.782,0.284
7.04,0.6348,HIGH,0.4,GRASPING,-84.908,61.786,0.316
7.04,0.6348,HIGH,0.4,GRASPING,-84.908,61.786,0.316
7.05,0.6348,HIGH,0.4,GRASPING,-84.777,61.78,0.338
7.05,0.6348,HIGH,0.4,GRASPING,-84.777,61.78,0.338
7.06,0.6402,HIGH,0.4,GRASPING,-84.659,61.785,0.383
7.06,0.6402,HIGH,0.4,GRASPING,-84.659,61.785,0.383
7.07,0.6383,HIGH,0.4,GRASPING,-84.564,61.789,0.425
7.07,0.6383,HIGH,0.4,GRASPING,-84.564,61.789,0.425
7.08,0.642,HIGH,0.4,GRASPING,-84.47,61.788,0.468
7.08,0.642,HIGH,0.4,GRASPING,-84.47,61.788,0.468
7.09,0.6359,HIGH,0.4,GRASPING,-84.38,61.787,0.508
7.09,0.6359,HIGH,0.4,GRASPING,-84.38,61.787,0.508
7.1,0.6359,HIGH,0.4,GRASPING,-84.297,61.786,0.547
7.1,0.6359,HIGH,0.4,GRASPING,-84.297,61.786,0.547
7.11,0.6349,HIGH,0.4,GRASPING,-84.219,61.785,0.584
7.11,0.6349,HIGH,0.4,GRASPING,-84.219,61.785,0.584
7.12,0.6343,HIGH,0.4,GRASPING,-84.146,61.784,0.62
7.12,0.6343,HIGH,0.4,GRASPING,-84.146,61.784,0.62
7.13,0.6355,HIGH,0.4,GRASPING,-84.078,61.783,0.654
7.13,0.6355,HIGH,0.4,GRASPING,-84.078,61.783,0.654
7.14,0.6423,HIGH,0.4,GRASPING,-84.023,61.78,0.688
7.14,0.6423,HIGH,0.4,GRASPING,-84.023,61.78,0.688
7.15,0.6423,HIGH,0.4,GRASPING,-83.968,61.777,0.724
7.15,0.6423,HIGH,0.4,GRASPING,-83.968,61.777,0.724
7.16,0.6399,HIGH,0.4,GRASPING,-83.901,61.778,0.753
7.16,0.6399,HIGH,0.4,GRASPING,-83.901,61.778,0.753
7.17,0.638,HIGH,0.4,GRASPING,-83.846,61.777,0.768
7.17,0.638,HIGH,0.4,GRASPING,-83.846,61.777,0.768
7.18,0.6347,HIGH,0.4,GRASPING,-83.794,61.777,0.781
7.18,0.6347,HIGH,0.4,GRASPING,-83.794,61.777,0.781
7.19,0.6421,HIGH,0.4,GRASPING,-83.745,61.778,0.794
7.19,0.6421,HIGH,0.4,GRASPING,-83.745,61.778,0.794
7.2,0.6421,HIGH,0.4,GRASPING,-83.697,61.779,0.807
7.2,0.6421,HIGH,0.4,GRASPING,-83.697,61.779,0.807
7.21,0.6394,HIGH,0.4,GRASPING,-83.652,61.781,0.82
7.21,0.6394,HIGH,0.4,GRASPING,-83.652,61.781,0.82
7.22,0.6406,HIGH,0.4,GRASPING,-83.609,61.782,0.833
7.22,0.6406,HIGH,0.4,GRASPING,-83.609,61.782,0.833
7.23,0.6407,HIGH,0.4,GRASPING,-83.568,61.783,0.847
7.23,0.6407,HIGH,0.4,GRASPING,-83.568,61.783,0.847
7.24,0.6364,HIGH,0.4,GRASPING,-83.529,61.783,0.86
7.24,0.6364,HIGH,0.4,GRASPING,-83.529,61.783,0.86
7.25,0.6364,HIGH,0.4,GRASPING,-83.493,61.784,0.872
7.25,0.6364,HIGH,0.4,GRASPING,-83.493,61.784,0.872
7.26,0.6366,HIGH,0.4,GRASPING,-83.458,61.784,0.884
7.26,0.6366,HIGH,0.4,GRASPING,-83.458,61.784,0.884
7.27,0.6408,HIGH,0.4,GRASPING,-83.426,61.784,0.895
7.27,0.6408,HIGH,0.4,GRASPING,-83.426,61.784,0.895
7.28,0.642,HIGH,0.4,GRASPING,-83.395,61.785,0.906
7.28,0.642,HIGH,0.4,GRASPING,-83.395,61.785,0.906
7.29,0.6391,HIGH,0.4,GRASPING,-83.366,61.785,0.915
7.29,0.6391,HIGH,0.4,GRASPING,-83.366,61.785,0.915
7.3,0.6391,HIGH,0.4,GRASPING,-83.339,61.785,0.924
7.3,0.6391,HIGH,0.4,GRASPING,-83.339,61.785,0.924
7.31,0.6379,HIGH,0.4,GRASPING,-83.313,61.785,0.932
7.31,0.6379,HIGH,0.4,GRASPING,-83.313,61.785,0.932
7.32,0.6338,HIGH,0.4,GRASPING,-83.288,61.785,0.94
7.32,0.6338,HIGH,0.4,GRASPING,-83.288,61.785,0.94
7.33,0.6362,HIGH,0.4,GRASPING,-83.264,61.789,0.95
7.33,0.6362,HIGH,0.4,GRASPING,-83.264,61.789,0.95
7.34,0.6372,HIGH,0.4,GRASPING,-83.245,61.786,0.961
7.34,0.6372,HIGH,0.4,GRASPING,-83.245,61.786,0.961
7.35,0.6372,HIGH,0.4,GRASPING,-83.224,61.786,0.971
7.35,0.6372,HIGH,0.4,GRASPING,-83.224,61.786,0.971
7.36,0.6379,HIGH,0.4,GRASPING,-83.206,61.785,0.979
7.36,0.6379,HIGH,0.4,GRASPING,-83.206,61.785,0.979
7.37,0.6367,HIGH,0.4,GRASPING,-83.188,61.784,0.985
7.37,0.6367,HIGH,0.4,GRASPING,-83.188,61.784,0.985
7.38,0.6358,HIGH,0.4,GRASPING,-83.171,61.783,0.99
7.38,0.6358,HIGH,0.4,GRASPING,-83.171,61.783,0.99
7.39,0.6315,HIGH,0.4,GRASPING,-83.155,61.783,0.994
7.39,0.6315,HIGH,0.4,GRASPING,-83.155,61.783,0.994
7.4,0.6315,HIGH,0.4,GRASPING,-83.139,61.783,0.998
7.4,0.6315,HIGH,0.4,GRASPING,-83.139,61.783,0.998
7.41,0.6322,HIGH,0.4,GRASPING,-83.124,61.783,1.001
7.41,0.6322,HIGH,0.4,GRASPING,-83.124,61.783,1.001
7.42,0.635,HIGH,0.4,GRASPING,-83.11,61.783,1.005
7.42,0.635,HIGH,0.4,GRASPING,-83.11,61.783,1.005
7.43,0.6295,HIGH,0.4,GRASPING,-83.097,61.783,1.008
7.43,0.6295,HIGH,0.4,GRASPING,-83.097,61.783,1.008
7.44,0.6298,HIGH,0.4,GRASPING,-83.084,61.784,1.011
7.44,0.6298,HIGH,0.4,GRASPING,-83.084,61.784,1.011
7.45,0.6298,HIGH,0.4,GRASPING,-83.071,61.784,1.014
7.45,0.6298,HIGH,0.4,GRASPING,-83.071,61.784,1.014
7.46,0.6334,HIGH,0.4,GRASPING,-83.059,61.784,1.017
7.46,0.6334,HIGH,0.4,GRASPING,-83.059,61.784,1.017
7.47,0.6339,HIGH,0.4,GRASPING,-83.048,61.784,1.019
7.47,0.6339,HIGH,0.4,GRASPING,-83.048,61.784,1.019
7.48,0.6358,HIGH,0.4,GRASPING,-83.038,61.784,1.022
7.48,0.6358,HIGH,0.4,GRASPING,-83.038,61.784,1.022
7.49,0.639,HIGH,0.4,GRASPING,-83.027,61.784,1.024
7.49,0.639,HIGH,0.4,GRASPING,-83.027,61.784,1.024
7.5,0.6389,HIGH,0.4,GRASPING,-83.018,61.784,1.026
7.5,0.6389,HIGH,0.4,GRASPING,-83.018,61.784,1.026
7.51,0.638,HIGH,0.4,GRASPING,-83.009,61.784,1.029
7.51,0.638,HIGH,0.4,GRASPING,-83.009,61.784,1.029
7.52,0.6329,HIGH,0.4,GRASPING,-83.0,61.784,1.031
7.52,0.6329,HIGH,0.4,GRASPING,-83.0,61.784,1.031
7.53,0.6357,HIGH,0.4,GRASPING,-82.992,61.784,1.032
7.53,0.6357,HIGH,0.4,GRASPING,-82.992,61.784,1.032
7.54,0.6371,HIGH,0.4,GRASPING,-82.984,61.784,1.034
7.54,0.6371,HIGH,0.4,GRASPING,-82.984,61.784,1.034
7.55,0.6371,HIGH,0.4,GRASPING,-82.977,61.784,1.036
7.55,0.6371,HIGH,0.4,GRASPING,-82.977,61.784,1.036
7.56,0.6341,HIGH,0.4,GRASPING,-82.97,61.784,1.038
7.56,0.6341,HIGH,0.4,GRASPING,-82.97,61.784,1.038
7.57,0.6331,HIGH,0.4,GRASPING,-82.963,61.784,1.039
7.57,0.6331,HIGH,0.4,GRASPING,-82.963,61.784,1.039
7.58,0.6334,HIGH,0.4,GRASPING,-82.957,61.784,1.04
7.58,0.6334,HIGH,0.4,GRASPING,-82.957,61.784,1.04
7.59,0.635,HIGH,0.4,GRASPING,-82.951,61.785,1.042
7.59,0.635,HIGH,0.4,GRASPING,-82.951,61.785,1.042
7.6,0.635,HIGH,0.4,GRASPING,-82.945,61.785,1.043
7.6,0.635,HIGH,0.4,GRASPING,-82.945,61.785,1.043
7.61,0.6362,HIGH,0.4,GRASPING,-82.94,61.785,1.044
7.61,0.6362,HIGH,0.4,GRASPING,-82.94,61.785,1.044
7.62,0.6378,HIGH,0.4,GRASPING,-82.935,61.785,1.045
7.62,0.6378,HIGH,0.4,GRASPING,-82.935,61.785,1.045
7.63,0.6372,HIGH,0.4,GRASPING,-82.93,61.785,1.046
7.63,0.6372,HIGH,0.4,GRASPING,-82.93,61.785,1.046
7.64,0.6345,HIGH,0.4,GRASPING,-82.925,61.785,1.047
7.64,0.6345,HIGH,0.4,GRASPING,-82.925,61.785,1.047
7.65,0.6345,HIGH,0.4,GRASPING,-82.921,61.785,1.048
7.65,0.6345,HIGH,0.4,GRASPING,-82.921,61.785,1.048
7.66,0.6377,HIGH,0.4,GRASPING,-82.916,61.785,1.049
7.66,0.6377,HIGH,0.4,GRASPING,-82.916,61.785,1.049
7.67,0.6388,HIGH,0.4,GRASPING,-82.913,61.785,1.05
7.67,0.6388,HIGH,0.4,GRASPING,-82.913,61.785,1.05
7.68,0.6346,HIGH,0.4,GRASPING,-82.909,61.785,1.051
7.68,0.6346,HIGH,0.4,GRASPING,-82.909,61.785,1.051
7.69,0.632,HIGH,0.4,GRASPING,-82.905,61.785,1.052
7.69,0.632,HIGH,0.4,GRASPING,-82.905,61.785,1.052
7.7,0.632,HIGH,0.4,GRASPING,-82.902,61.785,1.053
7.7,0.632,HIGH,0.4,GRASPING,-82.902,61.785,1.053
7.71,0.634,HIGH,0.4,GRASPING,-82.899,61.785,1.053
7.71,0.634,HIGH,0.4,GRASPING,-82.899,61.785,1.053
7.72,0.6396,HIGH,0.4,GRASPING,-82.896,61.785,1.054
7.72,0.6396,HIGH,0.4,GRASPING,-82.896,61.785,1.054
7.73,0.6416,HIGH,0.4,GRASPING,-82.893,61.785,1.054
7.73,0.6416,HIGH,0.4,GRASPING,-82.893,61.785,1.054
7.74,0.645,HIGH,0.4,GRASPING,-82.89,61.785,1.055
7.74,0.645,HIGH,0.4,GRASPING,-82.89,61.785,1.055
7.75,0.645,HIGH,0.4,GRASPING,-82.887,61.785,1.056
7.75,0.645,HIGH,0.4,GRASPING,-82.887,61.785,1.056
7.76,0.6402,HIGH,0.4,GRASPING,-82.885,61.785,1.056
7.76,0.6402,HIGH,0.4,GRASPING,-82.885,61.785,1.056
7.77,0.641,HIGH,0.4,GRASPING,-82.883,61.785,1.057
7.77,0.641,HIGH,0.4,GRASPING,-82.883,61.785,1.057
7.78,0.6428,HIGH,0.4,GRASPING,-82.88,61.785,1.057
7.78,0.6428,HIGH,0.4,GRASPING,-82.88,61.785,1.057
7.79,0.6426,HIGH,0.4,GRASPING,-82.878,61.785,1.058
7.79,0.6426,HIGH,0.4,GRASPING,-82.878,61.785,1.058
7.8,0.6426,HIGH,0.4,GRASPING,-82.876,61.785,1.058
7.8,0.6426,HIGH,0.4,GRASPING,-82.876,61.785,1.058
7.81,0.6428,HIGH,0.4,GRASPING,-82.874,61.785,1.059
7.81,0.6428,HIGH,0.4,GRASPING,-82.874,61.785,1.059
7.82,0.6395,HIGH,0.4,GRASPING,-82.872,61.785,1.059
7.82,0.6395,HIGH,0.4,GRASPING,-82.872,61.785,1.059
7.83,0.6397,HIGH,0.4,GRASPING,-82.871,61.785,1.059
7.83,0.6397,HIGH,0.4,GRASPING,-82.871,61.785,1.059
7.84,0.6374,HIGH,0.4,GRASPING,-82.869,61.785,1.06
7.84,0.6374,HIGH,0.4,GRASPING,-82.869,61.785,1.06
7.85,0.6374,HIGH,0.4,GRASPING,-82.868,61.785,1.06
7.85,0.6374,HIGH,0.4,GRASPING,-82.868,61.785,1.06
7.86,0.6369,HIGH,0.4,GRASPING,-82.866,61.785,1.061
7.86,0.6369,HIGH,0.4,GRASPING,-82.866,61.785,1.061
7.87,0.6345,HIGH,0.4,GRASPING,-82.865,61.785,1.061
7.87,0.6345,HIGH,0.4,GRASPING,-82.865,61.785,1.061
7.88,0.6353,HIGH,0.4,GRASPING,-82.863,61.785,1.061
7.88,0.6353,HIGH,0.4,GRASPING,-82.863,61.785,1.061
7.89,0.6427,HIGH,0.4,GRASPING,-82.862,61.785,1.062
7.89,0.6427,HIGH,0.4,GRASPING,-82.862,61.785,1.062
7.9,0.6428,HIGH,0.4,GRASPING,-82.861,61.785,1.062
7.9,0.6428,HIGH,0.4,GRASPING,-82.861,61.785,1.062
7.91,0.6463,HIGH,0.4,GRASPING,-82.86,61.785,1.062
7.91,0.6463,HIGH,0.4,GRASPING,-82.86,61.785,1.062
7.92,0.6514,HIGH,0.4,GRASPING,-82.859,61.785,1.062
7.92,0.6514,HIGH,0.4,GRASPING,-82.859,61.785,1.062
7.93,0.6532,HIGH,0.4,GRASPING,-82.858,61.785,1.063
7.93,0.6532,HIGH,0.4,GRASPING,-82.858,61.785,1.063
7.94,0.656,HIGH,0.4,GRASPING,-82.857,61.785,1.063
7.94,0.656,HIGH,0.4,GRASPING,-82.857,61.785,1.063
7.95,0.656,HIGH,0.4,GRASPING,-82.856,61.785,1.063
7.95,0.656,HIGH,0.4,GRASPING,-82.856,61.785,1.063
7.96,0.6576,HIGH,0.4,GRASPING,-82.855,61.785,1.063
7.96,0.6576,HIGH,0.4,GRASPING,-82.855,61.785,1.063
7.97,0.6579,HIGH,0.4,GRASPING,-82.855,61.785,1.064
7.97,0.6579,HIGH,0.4,GRASPING,-82.855,61.785,1.064
7.98,0.6575,HIGH,0.4,GRASPING,-82.854,61.785,1.064
7.98,0.6575,HIGH,0.4,GRASPING,-82.854,61.785,1.064
7.99,0.6521,HIGH,0.4,GRASPING,-82.853,61.785,1.064
7.99,0.6521,HIGH,0.4,GRASPING,-82.853,61.785,1.064
8.0,0.6521,HIGH,0.4,GRASPING,-82.852,61.785,1.064
8.0,0.6521,HIGH,0.4,GRASPING,-82.852,61.785,1.064
8.01,0.6456,HIGH,0.4,GRASPING,-82.852,61.785,1.064
8.01,0.6456,HIGH,0.4,GRASPING,-82.852,61.785,1.064
8.02,0.6387,HIGH,0.4,GRASPING,-82.851,61.785,1.064
8.02,0.6387,HIGH,0.4,GRASPING,-82.851,61.785,1.064
8.03,0.6365,HIGH,0.4,GRASPING,-82.851,61.785,1.065
8.03,0.6365,HIGH,0.4,GRASPING,-82.851,61.785,1.065
8.04,0.6359,HIGH,0.4,GRASPING,-82.85,61.785,1.065
8.04,0.6359,HIGH,0.4,GRASPING,-82.85,61.785,1.065
8.05,0.6359,HIGH,0.4,GRASPING,-82.85,61.785,1.065
8.05,0.6359,HIGH,0.4,GRASPING,-82.85,61.785,1.065
8.06,0.6344,HIGH,0.4,GRASPING,-82.849,61.785,1.065
8.06,0.6344,HIGH,0.4,GRASPING,-82.849,61.785,1.065
8.07,0.6361,HIGH,0.4,GRASPING,-82.849,61.785,1.065
8.07,0.6361,HIGH,0.4,GRASPING,-82.849,61.785,1.065
8.08,0.6395,HIGH,0.4,GRASPING,-82.848,61.785,1.065
8.08,0.6395,HIGH,0.4,GRASPING,-82.848,61.785,1.065
8.09,0.6404,HIGH,0.4,GRASPING,-82.848,61.785,1.065
8.09,0.6404,HIGH,0.4,GRASPING,-82.848,61.785,1.065
8.1,0.6405,HIGH,0.4,GRASPING,-82.847,61.785,1.065
8.1,0.6405,HIGH,0.4,GRASPING,-82.847,61.785,1.065
8.11,0.639,HIGH,0.4,GRASPING,-82.847,61.785,1.066
8.11,0.639,HIGH,0.4,GRASPING,-82.847,61.785,1.066
8.12,0.6409,HIGH,0.4,GRASPING,-82.847,61.785,1.066
8.12,0.6409,HIGH,0.4,GRASPING,-82.847,61.785,1.066
8.13,0.6393,HIGH,0.4,GRASPING,-82.846,61.785,1.066
8.13,0.6393,HIGH,0.4,GRASPING,-82.846,61.785,1.066
8.14,0.639,HIGH,0.4,GRASPING,-82.846,61.785,1.066
8.14,0.639,HIGH,0.4,GRASPING,-82.846,61.785,1.066
8.15,0.639,HIGH,0.4,GRASPING,-82.846,61.785,1.066
8.15,0.639,HIGH,0.4,GRASPING,-82.846,61.785,1.066
8.16,0.6391,HIGH,0.4,GRASPING,-82.845,61.785,1.066
8.16,0.6391,HIGH,0.4,GRASPING,-82.845,61.785,1.066
8.17,0.6382,HIGH,0.4,GRASPING,-82.845,61.785,1.066
8.17,0.6382,HIGH,0.4,GRASPING,-82.845,61.785,1.066
8.18,0.6384,HIGH,0.4,GRASPING,-82.845,61.785,1.066
8.18,0.6384,HIGH,0.4,GRASPING,-82.845,61.785,1.066
8.19,0.6354,HIGH,0.4,GRASPING,-82.845,61.785,1.066
8.19,0.6354,HIGH,0.4,GRASPING,-82.845,61.785,1.066
8.2,0.6353,HIGH,0.4,GRASPING,-82.844,61.785,1.066
8.2,0.6353,HIGH,0.4,GRASPING,-82.844,61.785,1.066
8.21,0.6393,HIGH,0.4,GRASPING,-82.844,61.785,1.066
8.21,0.6393,HIGH,0.4,GRASPING,-82.844,61.785,1.066
8.22,0.6368,HIGH,0.4,GRASPING,-82.844,61.785,1.066
8.22,0.6368,HIGH,0.4,GRASPING,-82.844,61.785,1.066
8.23,0.6343,HIGH,0.4,GRASPING,-82.844,61.785,1.066
8.23,0.6343,HIGH,0.4,GRASPING,-82.844,61.785,1.066
8.24,0.632,HIGH,0.4,GRASPING,-82.844,61.785,1.066
8.24,0.632,HIGH,0.4,GRASPING,-82.844,61.785,1.066
8.25,0.6319,HIGH,0.4,GRASPING,-82.843,61.785,1.067
8.25,0.6319,HIGH,0.4,GRASPING,-82.843,61.785,1.067
8.26,0.6346,HIGH,0.4,GRASPING,-82.843,61.785,1.067
8.26,0.6346,HIGH,0.4,GRASPING,-82.843,61.785,1.067
8.27,0.6345,HIGH,0.4,GRASPING,-82.843,61.785,1.067
8.27,0.6345,HIGH,0.4,GRASPING,-82.843,61.785,1.067
8.28,0.6297,HIGH,0.4,GRASPING,-82.843,61.785,1.067
8.28,0.6297,HIGH,0.4,GRASPING,-82.843,61.785,1.067
8.29,0.6275,HIGH,0.4,GRASPING,-82.843,61.785,1.067
8.29,0.6275,HIGH,0.4,GRASPING,-82.843,61.785,1.067
8.3,0.6275,HIGH,0.4,GRASPING,-82.843,61.785,1.067
8.3,0.6275,HIGH,0.4,GRASPING,-82.843,61.785,1.067
8.31,0.6237,HIGH,0.4,GRASPING,-82.842,61.785,1.067
8.31,0.6237,HIGH,0.4,GRASPING,-82.842,61.785,1.067
8.32,0.6256,HIGH,0.4,GRASPING,-82.842,61.785,1.067
8.32,0.6256,HIGH,0.4,GRASPING,-82.842,61.785,1.067
8.33,0.6296,HIGH,0.4,GRASPING,-82.842,61.785,1.067
8.33,0.6296,HIGH,0.4,GRASPING,-82.842,61.785,1.067
8.34,0.6305,HIGH,0.4,GRASPING,-82.842,61.785,1.067
8.34,0.6305,HIGH,0.4,GRASPING,-82.842,61.785,1.067
8.35,0.6305,HIGH,0.4,GRASPING,-82.842,61.785,1.067
8.35,0.6305,HIGH,0.4,GRASPING,-82.842,61.785,1.067
8.36,0.6323,HIGH,0.4,GRASPING,-82.842,61.785,1.067
8.36,0.6323,HIGH,0.4,GRASPING,-82.842,61.785,1.067
8.37,0.632,HIGH,0.4,GRASPING,-82.842,61.785,1.067
8.37,0.632,HIGH,0.4,GRASPING,-82.842,61.785,1.067
8.38,0.633,HIGH,0.4,GRASPING,-82.842,61.785,1.067
8.38,0.633,HIGH,0.4,GRASPING,-82.842,61.785,1.067
8.39,0.6388,HIGH,0.4,GRASPING,-82.842,61.785,1.067
8.39,0.6388,HIGH,0.4,GRASPING,-82.842,61.785,1.067
8.4,0.6388,HIGH,0.4,GRASPING,-82.842,61.785,1.067
8.4,0.6388,HIGH,0.4,GRASPING,-82.842,61.785,1.067
8.41,0.6467,HIGH,0.4,GRASPING,-82.841,61.785,1.067
8.41,0.6467,HIGH,0.4,GRASPING,-82.841,61.785,1.067
8.42,0.6467,HIGH,0.4,GRASPING,-82.841,61.785,1.067
8.42,0.6467,HIGH,0.4,GRASPING,-82.841,61.785,1.067
8.43,0.6443,HIGH,0.4,GRASPING,-82.841,61.785,1.067
8.43,0.6443,HIGH,0.4,GRASPING,-82.841,61.785,1.067
8.44,0.648,HIGH,0.4,GRASPING,-82.841,61.785,1.067
8.44,0.648,HIGH,0.4,GRASPING,-82.841,61.785,1.067
8.45,0.648,HIGH,0.4,GRASPING,-82.841,61.785,1.067
8.45,0.648,HIGH,0.4,GRASPING,-82.841,61.785,1.067
8.46,0.6501,HIGH,0.4,GRASPING,-82.841,61.785,1.067
8.46,0.6501,HIGH,0.4,GRASPING,-82.841,61.785,1.067
8.47,0.652,HIGH,0.4,GRASPING,-82.841,61.785,1.067
8.47,0.652,HIGH,0.4,GRASPING,-82.841,61.785,1.067
8.48,0.6522,HIGH,0.4,GRASPING,-82.841,61.785,1.067
8.48,0.6522,HIGH,0.4,GRASPING,-82.841,61.785,1.067
8.49,0.6526,HIGH,0.4,GRASPING,-82.841,61.785,1.067
8.49,0.6526,HIGH,0.4,GRASPING,-82.841,61.785,1.067
8.5,0.6526,HIGH,0.4,GRASPING,-82.841,61.785,1.067
8.5,0.6526,HIGH,0.4,GRASPING,-82.841,61.785,1.067
8.51,0.6386,HIGH,0.4,GRASPING,-82.841,61.785,1.067
8.51,0.6386,HIGH,0.4,GRASPING,-82.841,61.785,1.067
8.52,0.6435,HIGH,0.4,GRASPING,-82.841,61.785,1.067
8.52,0.6435,HIGH,0.4,GRASPING,-82.841,61.785,1.067
8.53,0.6465,HIGH,0.4,GRASPING,-82.841,61.785,1.067
8.53,0.6465,HIGH,0.4,GRASPING,-82.841,61.785,1.067
8.54,0.6366,HIGH,0.4,GRASPING,-82.841,61.785,1.067
8.54,0.6366,HIGH,0.4,GRASPING,-82.841,61.785,1.067
8.55,0.6366,HIGH,0.4,GRASPING,-82.841,61.785,1.067
8.55,0.6366,HIGH,0.4,GRASPING,-82.841,61.785,1.067
8.56,0.6299,HIGH,0.4,GRASPING,-82.841,61.785,1.067
8.56,0.6299,HIGH,0.4,GRASPING,-82.841,61.785,1.067
8.57,0.6272,HIGH,0.4,GRASPING,-82.841,61.785,1.067
8.57,0.6272,HIGH,0.4,GRASPING,-82.841,61.785,1.067
8.58,0.6261,HIGH,0.4,GRASPING,-82.841,61.785,1.067
8.58,0.6261,HIGH,0.4,GRASPING,-82.841,61.785,1.067
8.59,0.6254,HIGH,0.4,GRASPING,-82.841,61.785,1.067
8.59,0.6254,HIGH,0.4,GRASPING,-82.841,61.785,1.067
8.6,0.6255,HIGH,0.4,GRASPING,-82.841,61.785,1.067
8.6,0.6255,HIGH,0.4,GRASPING,-82.841,61.785,1.067
8.61,0.6309,HIGH,0.4,GRASPING,-82.841,61.785,1.067
8.61,0.6309,HIGH,0.4,GRASPING,-82.841,61.785,1.067
8.62,0.6256,HIGH,0.4,GRASPING,-82.841,61.785,1.067
8.62,0.6256,HIGH,0.4,GRASPING,-82.841,61.785,1.067
8.63,0.6223,HIGH,0.4,GRASPING,-82.841,61.785,1.067
8.63,0.6223,HIGH,0.4,GRASPING,-82.841,61.785,1.067
8.64,0.6291,HIGH,0.4,GRASPING,-82.841,61.785,1.067
8.64,0.6291,HIGH,0.4,GRASPING,-82.841,61.785,1.067
8.65,0.6291,HIGH,0.4,GRASPING,-82.84,61.785,1.067
8.65,0.6291,HIGH,0.4,GRASPING,-82.84,61.785,1.067
8.66,0.6292,HIGH,0.4,GRASPING,-82.84,61.785,1.067
8.66,0.6292,HIGH,0.4,GRASPING,-82.84,61.785,1.067
8.67,0.6302,HIGH,0.4,GRASPING,-82.84,61.785,1.067
8.67,0.6302,HIGH,0.4,GRASPING,-82.84,61.785,1.067
8.68,0.6304,HIGH,0.4,GRASPING,-82.84,61.785,1.067
8.68,0.6304,HIGH,0.4,GRASPING,-82.84,61.785,1.067
8.69,0.6262,HIGH,0.4,GRASPING,-82.84,61.785,1.067
8.69,0.6262,HIGH,0.4,GRASPING,-82.84,61.785,1.067
8.7,0.6262,HIGH,0.4,GRASPING,-82.84,61.785,1.067
8.7,0.6262,HIGH,0.4,GRASPING,-82.84,61.785,1.067
8.71,0.6291,HIGH,0.4,GRASPING,-82.84,61.785,1.067
8.71,0.6291,HIGH,0.4,GRASPING,-82.84,61.785,1.067
8.72,0.6321,HIGH,0.4,GRASPING,-82.84,61.785,1.067
8.72,0.6321,HIGH,0.4,GRASPING,-82.84,61.785,1.067
8.73,0.6348,HIGH,0.4,GRASPING,-82.84,61.785,1.067
8.73,0.6348,HIGH,0.4,GRASPING,-82.84,61.785,1.067
8.74,0.6293,HIGH,0.4,GRASPING,-82.84,61.785,1.067
8.74,0.6293,HIGH,0.4,GRASPING,-82.84,61.785,1.067
8.75,0.6294,HIGH,0.4,GRASPING,-82.84,61.785,1.067
8.75,0.6294,HIGH,0.4,GRASPING,-82.84,61.785,1.067
8.76,0.6288,HIGH,0.4,GRASPING,-82.84,61.785,1.067
8.76,0.6288,HIGH,0.4,GRASPING,-82.84,61.785,1.067
8.77,0.6298,HIGH,0.4,GRASPING,-82.84,61.785,1.067
8.77,0.6298,HIGH,0.4,GRASPING,-82.84,61.785,1.067
8.78,0.6295,HIGH,0.4,GRASPING,-82.84,61.785,1.067
8.78,0.6295,HIGH,0.4,GRASPING,-82.84,61.785,1.067
8.79,0.6322,HIGH,0.4,GRASPING,-82.84,61.785,1.067
8.79,0.6322,HIGH,0.4,GRASPING,-82.84,61.785,1.067
8.8,0.6324,HIGH,0.4,GRASPING,-82.84,61.785,1.067
8.8,0.6324,HIGH,0.4,GRASPING,-82.84,61.785,1.067
8.81,0.6366,HIGH,0.4,GRASPING,-82.84,61.785,1.067
8.81,0.6366,HIGH,0.4,GRASPING,-82.84,61.785,1.067
8.82,0.6352,HIGH,0.4,GRASPING,-82.84,61.785,1.067
8.82,0.6352,HIGH,0.4,GRASPING,-82.84,61.785,1.067
8.83,0.6348,HIGH,0.4,GRASPING,-82.84,61.785,1.067
8.83,0.6348,HIGH,0.4,GRASPING,-82.84,61.785,1.067
8.84,0.6394,HIGH,0.4,GRASPING,-82.84,61.785,1.067
8.84,0.6394,HIGH,0.4,GRASPING,-82.84,61.785,1.067
8.85,0.6394,HIGH,0.4,GRASPING,-82.84,61.785,1.067
8.85,0.6394,HIGH,0.4,GRASPING,-82.84,61.785,1.067
8.86,0.6419,HIGH,0.4,GRASPING,-82.84,61.785,1.067
8.86,0.6419,HIGH,0.4,GRASPING,-82.84,61.785,1.067
8.87,0.6412,HIGH,0.4,GRASPING,-82.84,61.785,1.067
8.87,0.6412,HIGH,0.4,GRASPING,-82.84,61.785,1.067
8.88,0.6417,HIGH,0.4,GRASPING,-82.84,61.785,1.067
8.88,0.6417,HIGH,0.4,GRASPING,-82.84,61.785,1.067
8.89,0.6394,HIGH,0.4,GRASPING,-82.84,61.785,1.067
8.89,0.6394,HIGH,0.4,GRASPING,-82.84,61.785,1.067
8.9,0.6393,HIGH,0.4,GRASPING,-82.84,61.785,1.067
8.9,0.6393,HIGH,0.4,GRASPING,-82.84,61.785,1.067
8.91,0.6325,HIGH,0.4,GRASPING,-82.84,61.785,1.067
8.91,0.6325,HIGH,0.4,GRASPING,-82.84,61.785,1.067
8.92,0.6288,HIGH,0.4,GRASPING,-82.84,61.785,1.067
8.92,0.6288,HIGH,0.4,GRASPING,-82.84,61.785,1.067
8.93,0.6261,HIGH,0.4,GRASPING,-82.84,61.785,1.067
8.93,0.6261,HIGH,0.4,GRASPING,-82.84,61.785,1.067
8.94,0.6276,HIGH,0.4,GRASPING,-82.84,61.785,1.067
8.94,0.6276,HIGH,0.4,GRASPING,-82.84,61.785,1.067
8.95,0.6275,HIGH,0.4,GRASPING,-82.84,61.785,1.067
8.95,0.6275,HIGH,0.4,GRASPING,-82.84,61.785,1.067
8.96,0.6283,HIGH,0.4,GRASPING,-82.84,61.785,1.067
8.96,0.6283,HIGH,0.4,GRASPING,-82.84,61.785,1.067
8.97,0.6267,HIGH,0.4,GRASPING,-82.84,61.785,1.067
8.97,0.6267,HIGH,0.4,GRASPING,-82.84,61.785,1.067
8.98,0.6272,HIGH,0.4,GRASPING,-82.84,61.785,1.067
8.98,0.6272,HIGH,0.4,GRASPING,-82.84,61.785,1.067
8.99,0.6268,HIGH,0.4,GRASPING,-82.84,61.785,1.067
8.99,0.6268,HIGH,0.4,GRASPING,-82.84,61.785,1.067
9.0,0.6268,HIGH,0.4,GRASPING,-82.84,61.785,1.067
9.0,0.6268,HIGH,0.4,GRASPING,-82.84,61.785,1.067
9.01,0.569,HIGH,0.4,GRASPING,-82.84,61.785,1.067
9.01,0.569,HIGH,0.4,GRASPING,-82.84,61.785,1.067
9.02,0.548,HIGH,0.4,GRASPING,-82.84,61.785,1.067
9.02,0.548,HIGH,0.4,GRASPING,-82.84,61.785,1.067
9.03,0.5248,HIGH,0.4,GRASPING,-82.84,61.785,1.067
9.03,0.5248,HIGH,0.4,GRASPING,-82.84,61.785,1.067
9.04,0.448,MEDIUM,0.25,OPEN,-82.84,61.785,1.067
9.04,0.448,MEDIUM,0.25,OPEN,-82.84,61.785,1.067
9.05,0.448,MEDIUM,0.25,OPEN,-82.84,61.785,1.067
9.05,0.448,MEDIUM,0.25,OPEN,-82.84,61.785,1.067
9.06,0.3569,MEDIUM,0.25,OPEN,-82.84,61.785,1.067
9.06,0.3569,MEDIUM,0.25,OPEN,-82.84,61.785,1.067
9.07,0.3174,MEDIUM,0.25,OPEN,-82.84,61.785,1.067
9.07,0.3174,MEDIUM,0.25,OPEN,-82.84,61.785,1.067
9.08,0.2703,MEDIUM,0.25,OPEN,-82.84,61.785,1.067
9.08,0.2703,MEDIUM,0.25,OPEN,-82.84,61.785,1.067
9.09,0.0591,LOW,0.0,OPEN,-82.84,61.785,1.067
9.09,0.0591,LOW,0.0,OPEN,-82.84,61.785,1.067
9.1,0.0592,LOW,0.0,OPEN,-82.84,61.785,1.067
9.1,0.0592,LOW,0.0,OPEN,-82.84,61.785,1.067
9.11,0.0592,LOW,0.0,OPEN,-82.84,61.785,1.067
9.11,0.0592,LOW,0.0,OPEN,-82.84,61.785,1.067
9.12,0.0588,LOW,0.0,OPEN,-82.84,61.785,1.067
9.12,0.0588,LOW,0.0,OPEN,-82.84,61.785,1.067
9.13,0.0609,LOW,0.0,OPEN,-82.84,61.785,1.067
9.13,0.0609,LOW,0.0,OPEN,-82.84,61.785,1.067
9.14,0.0549,LOW,0.0,OPEN,-82.84,61.785,1.067
9.14,0.0549,LOW,0.0,OPEN,-82.84,61.785,1.067
9.15,0.055,LOW,0.0,OPEN,-82.84,61.785,1.067
9.15,0.055,LOW,0.0,OPEN,-82.84,61.785,1.067
9.16,0.0519,LOW,0.0,OPEN,-82.84,61.785,1.067
9.16,0.0519,LOW,0.0,OPEN,-82.84,61.785,1.067
9.17,0.0478,LOW,0.0,OPEN,-82.84,61.785,1.067
9.17,0.0478,LOW,0.0,OPEN,-82.84,61.785,1.067
9.18,0.0503,LOW,0.0,OPEN,-82.84,61.785,1.067
9.18,0.0503,LOW,0.0,OPEN,-82.84,61.785,1.067
9.19,0.0474,LOW,0.0,OPEN,-82.84,61.785,1.067
9.19,0.0474,LOW,0.0,OPEN,-82.84,61.785,1.067
9.2,0.0475,LOW,0.0,OPEN,-82.84,61.785,1.067
9.2,0.0475,LOW,0.0,OPEN,-82.84,61.785,1.067
9.21,0.0444,LOW,0.0,OPEN,-82.84,61.785,1.067
9.21,0.0444,LOW,0.0,OPEN,-82.84,61.785,1.067
9.22,0.0468,LOW,0.0,OPEN,-82.84,61.785,1.067
9.22,0.0468,LOW,0.0,OPEN,-82.84,61.785,1.067
9.23,0.0488,LOW,0.0,OPEN,-82.84,61.785,1.067
9.23,0.0488,LOW,0.0,OPEN,-82.84,61.785,1.067
9.24,0.0499,LOW,0.0,OPEN,-82.84,61.785,1.067
9.24,0.0499,LOW,0.0,OPEN,-82.84,61.785,1.067
9.25,0.0508,LOW,0.0,OPEN,-82.84,61.785,1.067
9.25,0.0508,LOW,0.0,OPEN,-82.84,61.785,1.067
9.26,0.0522,LOW,0.0,OPEN,-82.84,61.785,1.067
9.26,0.0522,LOW,0.0,OPEN,-82.84,61.785,1.067
9.27,0.0539,LOW,0.0,OPEN,-82.84,61.785,1.067
9.27,0.0539,LOW,0.0,OPEN,-82.84,61.785,1.067
9.28,0.0528,LOW,0.0,OPEN,-82.84,61.785,1.067
9.28,0.0528,LOW,0.0,OPEN,-82.84,61.785,1.067
9.29,0.0583,LOW,0.0,OPEN,-82.84,61.785,1.067
9.29,0.0583,LOW,0.0,OPEN,-82.84,61.785,1.067
9.3,0.058,LOW,0.0,OPEN,-82.84,61.785,1.067
9.3,0.058,LOW,0.0,OPEN,-82.84,61.785,1.067
9.31,0.0645,LOW,0.0,OPEN,-82.84,61.785,1.067
9.31,0.0645,LOW,0.0,OPEN,-82.84,61.785,1.067
9.32,0.0616,LOW,0.0,OPEN,-82.84,61.785,1.067
9.32,0.0616,LOW,0.0,OPEN,-82.84,61.785,1.067
9.33,0.0577,LOW,0.0,OPEN,-82.84,61.785,1.067
9.33,0.0577,LOW,0.0,OPEN,-82.84,61.785,1.067
9.34,0.0611,LOW,0.0,OPEN,-82.84,61.785,1.067
9.34,0.0611,LOW,0.0,OPEN,-82.84,61.785,1.067
9.35,0.0607,LOW,0.0,OPEN,-82.84,61.785,1.067
9.35,0.0607,LOW,0.0,OPEN,-82.84,61.785,1.067
9.36,0.062,LOW,0.0,OPEN,-82.84,61.785,1.067
9.36,0.062,LOW,0.0,OPEN,-82.84,61.785,1.067
9.37,0.062,LOW,0.0,OPEN,-82.84,61.785,1.067
9.37,0.062,LOW,0.0,OPEN,-82.84,61.785,1.067
9.38,0.0628,LOW,0.0,OPEN,-82.84,61.785,1.067
9.38,0.0628,LOW,0.0,OPEN,-82.84,61.785,1.067
9.39,0.0604,LOW,0.0,OPEN,-82.84,61.785,1.067
9.39,0.0604,LOW,0.0,OPEN,-82.84,61.785,1.067
9.4,0.0605,LOW,0.0,OPEN,-82.84,61.785,1.067
9.4,0.0605,LOW,0.0,OPEN,-82.84,61.785,1.067
9.41,0.0575,LOW,0.0,OPEN,-82.84,61.785,1.067
9.41,0.0575,LOW,0.0,OPEN,-82.84,61.785,1.067
9.42,0.0585,LOW,0.0,OPEN,-82.84,61.785,1.067
9.42,0.0585,LOW,0.0,OPEN,-82.84,61.785,1.067
9.43,0.0606,LOW,0.0,OPEN,-82.84,61.785,1.067
9.43,0.0606,LOW,0.0,OPEN,-82.84,61.785,1.067
9.44,0.063,LOW,0.0,OPEN,-82.84,61.785,1.067
9.44,0.063,LOW,0.0,OPEN,-82.84,61.785,1.067
9.45,0.0626,LOW,0.0,OPEN,-82.84,61.785,1.067
9.45,0.0626,LOW,0.0,OPEN,-82.84,61.785,1.067
9.46,0.0626,LOW,0.0,OPEN,-82.84,61.785,1.067
9.46,0.0626,LOW,0.0,OPEN,-82.84,61.785,1.067
9.47,0.0621,LOW,0.0,OPEN,-82.84,61.785,1.067
9.47,0.0621,LOW,0.0,OPEN,-82.84,61.785,1.067
9.48,0.0596,LOW,0.0,OPEN,-82.84,61.785,1.067
9.48,0.0596,LOW,0.0,OPEN,-82.84,61.785,1.067
9.49,0.0595,LOW,0.0,OPEN,-82.84,61.785,1.067
9.49,0.0595,LOW,0.0,OPEN,-82.84,61.785,1.067
9.5,0.0599,LOW,0.0,OPEN,-82.84,61.785,1.067
9.5,0.0599,LOW,0.0,OPEN,-82.84,61.785,1.067
9.51,0.0632,LOW,0.0,OPEN,-82.84,61.785,1.067
9.51,0.0632,LOW,0.0,OPEN,-82.84,61.785,1.067
9.52,0.063,LOW,0.0,OPEN,-82.84,61.785,1.067
9.52,0.063,LOW,0.0,OPEN,-82.84,61.785,1.067
9.53,0.0607,LOW,0.0,OPEN,-82.84,61.785,1.067
9.53,0.0607,LOW,0.0,OPEN,-82.84,61.785,1.067
9.54,0.0544,LOW,0.0,OPEN,-82.84,61.785,1.067
9.54,0.0544,LOW,0.0,OPEN,-82.84,61.785,1.067
9.55,0.0544,LOW,0.0,OPEN,-82.84,61.785,1.067
9.55,0.0544,LOW,0.0,OPEN,-82.84,61.785,1.067
9.56,0.0615,LOW,0.0,OPEN,-82.84,61.785,1.067
9.56,0.0615,LOW,0.0,OPEN,-82.84,61.785,1.067
9.57,0.0609,LOW,0.0,OPEN,-82.84,61.785,1.067
9.57,0.0609,LOW,0.0,OPEN,-82.84,61.785,1.067
9.58,0.0626,LOW,0.0,OPEN,-82.84,61.785,1.067
9.58,0.0626,LOW,0.0,OPEN,-82.84,61.785,1.067
9.59,0.0635,LOW,0.0,OPEN,-82.84,61.785,1.067
9.59,0.0635,LOW,0.0,OPEN,-82.84,61.785,1.067
9.6,0.0631,LOW,0.0,OPEN,-82.84,61.785,1.067
9.6,0.0631,LOW,0.0,OPEN,-82.84,61.785,1.067
9.61,0.0598,LOW,0.0,OPEN,-82.84,61.785,1.067
9.61,0.0598,LOW,0.0,OPEN,-82.84,61.785,1.067
9.62,0.064,LOW,0.0,OPEN,-82.84,61.785,1.067
9.62,0.064,LOW,0.0,OPEN,-82.84,61.785,1.067
9.63,0.0653,LOW,0.0,OPEN,-82.84,61.785,1.067
9.63,0.0653,LOW,0.0,OPEN,-82.84,61.785,1.067
9.64,0.0678,LOW,0.0,OPEN,-82.84,61.785,1.067
9.64,0.0678,LOW,0.0,OPEN,-82.84,61.785,1.067
9.65,0.0683,LOW,0.0,OPEN,-82.84,61.785,1.067
9.65,0.0683,LOW,0.0,OPEN,-82.84,61.785,1.067
9.66,0.0647,LOW,0.0,OPEN,-82.84,61.785,1.067
9.66,0.0647,LOW,0.0,OPEN,-82.84,61.785,1.067
9.67,0.0666,LOW,0.0,OPEN,-82.84,61.785,1.067
9.67,0.0666,LOW,0.0,OPEN,-82.84,61.785,1.067
9.68,0.0668,LOW,0.0,OPEN,-82.84,61.785,1.067
9.68,0.0668,LOW,0.0,OPEN,-82.84,61.785,1.067
9.69,0.0672,LOW,0.0,OPEN,-82.84,61.785,1.067
9.69,0.0672,LOW,0.0,OPEN,-82.84,61.785,1.067
9.7,0.0672,LOW,0.0,OPEN,-82.84,61.785,1.067
9.7,0.0672,LOW,0.0,OPEN,-82.84,61.785,1.067
9.71,0.0696,LOW,0.0,OPEN,-82.84,61.785,1.067
9.71,0.0696,LOW,0.0,OPEN,-82.84,61.785,1.067
9.72,0.0661,LOW,0.0,OPEN,-82.84,61.785,1.067
9.72,0.0661,LOW,0.0,OPEN,-82.84,61.785,1.067
9.73,0.066,LOW,0.0,OPEN,-82.84,61.785,1.067
9.73,0.066,LOW,0.0,OPEN,-82.84,61.785,1.067
9.74,0.0651,LOW,0.0,OPEN,-82.84,61.785,1.067
9.74,0.0651,LOW,0.0,OPEN,-82.84,61.785,1.067
9.75,0.065,LOW,0.0,OPEN,-82.84,61.785,1.067
9.75,0.065,LOW,0.0,OPEN,-82.84,61.785,1.067
9.76,0.0612,LOW,0.0,OPEN,-82.84,61.785,1.067
9.76,0.0612,LOW,0.0,OPEN,-82.84,61.785,1.067
9.77,0.0595,LOW,0.0,OPEN,-82.84,61.785,1.067
9.77,0.0595,LOW,0.0,OPEN,-82.84,61.785,1.067
9.78,0.0583,LOW,0.0,OPEN,-82.84,61.785,1.067
9.78,0.0583,LOW,0.0,OPEN,-82.84,61.785,1.067
9.79,0.0624,LOW,0.0,OPEN,-82.84,61.785,1.067
9.79,0.0624,LOW,0.0,OPEN,-82.84,61.785,1.067
9.8,0.0634,LOW,0.0,OPEN,-82.84,61.785,1.067
9.8,0.0634,LOW,0.0,OPEN,-82.84,61.785,1.067
9.81,0.0589,LOW,0.0,OPEN,-82.84,61.785,1.067
9.81,0.0589,LOW,0.0,OPEN,-82.84,61.785,1.067
9.82,0.0576,LOW,0.0,OPEN,-82.84,61.785,1.067
9.82,0.0576,LOW,0.0,OPEN,-82.84,61.785,1.067
9.83,0.0579,LOW,0.0,OPEN,-82.84,61.785,1.067
9.83,0.0579,LOW,0.0,OPEN,-82.84,61.785,1.067
9.84,0.0574,LOW,0.0,OPEN,-82.84,61.785,1.067
9.84,0.0574,LOW,0.0,OPEN,-82.84,61.785,1.067
9.85,0.057,LOW,0.0,OPEN,-82.84,61.785,1.067
9.85,0.057,LOW,0.0,OPEN,-82.84,61.785,1.067
9.86,0.0573,LOW,0.0,OPEN,-82.84,61.785,1.067
9.86,0.0573,LOW,0.0,OPEN,-82.84,61.785,1.067
9.87,0.0573,LOW,0.0,OPEN,-82.84,61.785,1.067
9.87,0.0573,LOW,0.0,OPEN,-82.84,61.785,1.067
9.88,0.0568,LOW,0.0,OPEN,-82.84,61.785,1.067
9.88,0.0568,LOW,0.0,OPEN,-82.84,61.785,1.067
9.89,0.0513,LOW,0.0,OPEN,-82.84,61.785,1.067
9.89,0.0513,LOW,0.0,OPEN,-82.84,61.785,1.067
9.9,0.0501,LOW,0.0,OPEN,-82.84,61.785,1.067
9.9,0.0501,LOW,0.0,OPEN,-82.84,61.785,1.067
9.91,0.0539,LOW,0.0,OPEN,-82.84,61.785,1.067
9.91,0.0539,LOW,0.0,OPEN,-82.84,61.785,1.067
9.92,0.0544,LOW,0.0,OPEN,-82.84,61.785,1.067
9.92,0.0544,LOW,0.0,OPEN,-82.84,61.785,1.067
9.93,0.0557,LOW,0.0,OPEN,-82.84,61.785,1.067
9.93,0.0557,LOW,0.0,OPEN,-82.84,61.785,1.067
9.94,0.0575,LOW,0.0,OPEN,-82.84,61.785,1.067
9.94,0.0575,LOW,0.0,OPEN,-82.84,61.785,1.067
9.95,0.0585,LOW,0.0,OPEN,-82.84,61.785,1.067
9.95,0.0585,LOW,0.0,OPEN,-82.84,61.785,1.067
9.96,0.0571,LOW,0.0,OPEN,-82.84,61.785,1.067
9.96,0.0571,LOW,0.0,OPEN,-82.84,61.785,1.067
9.97,0.0555,LOW,0.0,OPEN,-82.84,61.785,1.067
9.97,0.0555,LOW,0.0,OPEN,-82.84,61.785,1.067
9.98,0.0555,LOW,0.0,OPEN,-82.84,61.785,1.067
9.98,0.0555,LOW,0.0,OPEN,-82.84,61.785,1.067
9.99,0.0589,LOW,0.0,OPEN,-82.84,61.785,1.067
9.99,0.0589,LOW,0.0,OPEN,-82.84,61.785,1.067
10.0,0.0601,LOW,0.0,OPEN,-82.84,61.785,1.067
10.0,0.0601,LOW,0.0,OPEN,-82.84,61.785,1.067
10.01,0.056,LOW,0.0,OPEN,-82.84,61.785,1.067
10.01,0.056,LOW,0.0,OPEN,-82.84,61.785,1.067
